id,english,tigrinya,domain
1,Information for parents,ንወለዲ ዝኸውን ሓበሬታ,medical
2,"If you choose not to vaccinate your child, understand the risks and responsibilities",ውላድኩም ከይተኽትብዎ እንተመሪጽኩም፣ ሓደጋታትን ሓላፍነትን ተረድኡ,medical
3,Telling healthcare professionals your child’s vaccination status is essential for two reasons,ንሰብ ሞያ ክንክን ጥዕና ኩነታት ክታበት ውላድኩም ምሕባር ብኽልተ ምኽንያታት ኣገዳሲ እዩ,medical
4,"If you choose to delay some vaccines or refuse some vaccines entirely, there can be risks.",ንገሊኡ ክታበታት ክተደናጉዩ ወይ ንገሊኡ ክታበታት ምሉእ ብምሉእ ክትነጽጉ እንተ መሪጽኩም፣ ሓደጋታት ክህሉ ይኽእል እዩ።,medical
5,"Please follow these steps to protect your child, your family, and others.",ንውላድኩም፣ ንስድራቤትኩምን ንኻልኦትን ንምክልኻል በጃኹም ነዞም ስጉምትታት እዚኦም ተኸተሉ።,medical
6,"With the decision to delay or refuse vaccines, you are taking on an important responsibility that could put your child’s health and even life into risk",ምስ’ቲ ክታበት ምድንጓይ ወይ ምንጻግ ዝብል ውሳነ፣ ንጥዕና ውላድኩም ዋላ’ውን ንህይወት ውላድኩም ከይተረፈ ኣብ ሓደጋ ከእቱ ዝኽእል ኣገዳሲ ሓላፍነት ትወስዱ ኣለኹም,medical
7,Any time that your child is ill and you:,ኣብ ዝኾነ እዋን ውላድኩም እንትሓምም ንስኹም ድማ ክትገብርዎ ዝግባእ፦,medical
8,make an emergency call;,ጻውዒት ህጹጽ እዋን  ምግባር፤,medical
9,ride in an ambulance;,ብኣምቡላንስ ምኻድ፤,medical
10,visit a hospital emergency room; or,ናብ ክፍሊ ህጹጽ ረድኤት ሆስፒታል ምኻድ፤ ወይ,medical
11,visit your child’s doctor or any clinic,ናብ ሓኪም ውላድኩም ወይ ናብ ዝኾነ ክሊኒክ ምኻድ,medical
12,You must tell the medical staff that your child has not received all the vaccines recommended for his or her age.,ንሰራሕተኛታት ሕክምና ውላድኩም ኩሉ እቲ ምስ ዕድሚኡ ወይ ዕድሚኣ ዝምከር ክታበት ከምዘይረኸበ ወይ ከምዘይረኸበት ክትሕብርዎም ኣለኩም።,medical
13,"Keep a vaccination record easily accessible so that you can report exactly which vaccines your child has received, even when you are under stress.",ውላድኩም ኣየኖት ክታበት ከም ዝረኸበ ብትኽክል ክትሕብሩ ምእንቲ፣ ዋላ ኣብ ጸቕጢ ኣብ ዘለኹምሉ እዋን፣ መዝገብ ክታበት ብቐሊሉ ክትረኽብዎ ኣብ እትኽእልሉ ቦታ ኣቐምጥዎ።,medical
14,© WHO / M. Bring,© WHO / M. Bring,medical
15,"When your child is being evaluated, the doctor will need to consider the possibility that your child has a vaccine-preventable disease, such as measles, mumps, pertussis or diptheria.",ውላድኩም ክምርመር ከሎ፣ እቲ ሓኪም ውላድኩም ክታበት ክከላኸሎ ዝኽእል ሕማም ከም ንፍዮ፣ ሰሙን ጽግዕ፣ ተኽተኽታን ዲፍተርያን ክህልዎ ከም ዝኽእል ኣብ ግምት ከእቱ ከድልዮ እዩ።,medical
16,"These diseases still occur, and the doctor will need to consider that your child may have one.",እዞም ሕማማት እዚኦም ሕጂ’ውን ይርአዩ ኣለው እዮም፣ እቲ ሓኪም ድማ ውላድኩም ሓደ ካብዚኣቶም ክህልዎ ከም ዝኽእል ኣብ ግምት ከእቱ ኣለዎ።,medical
17,"If your child has a vaccine-preventable disease, the healthcare workers who help your child can take precautions, such as isolating your child, so that the disease does not spread to others.",ውላድኩም ክታበት ክከላኸሎ ዝኽእል ሕማም እንተሃልይዎ፣ እቶም ንውላድኩም ዝሕግዙ ሰራሕተኛታት ክንክን ጥዕና፣ እቲ ሕማም ናብ ካልኦት ከይስፋሕፋሕ፣ ከም ንውላድካ ምንጻል ዝኣመሰሉ ጥንቃቐታት ክገብሩ ይኽእሉ።,medical
18,Some people are at higher risk of infection,ገለ ሰባት ኣብ ዝለዓለ ሓደጋ ረኽሲ ይርከቡ,medical
19,One group at high risk for contracting disease is in- fants who are too young to be vaccinated.,ሓደ ካብ'ቶም ብሕማም ናይ ምልካፍ ልዑል ሓደጋ ዘለዎም ጉጅለ፣ ክታበት ክወሃቦም ዘይክእሉ ኣዝዮም ንኣሽቱ ዕሸላት እዮም።,medical
20,"For example, the measles vaccine is not usually recommended for babies younger than 9-12 months.",ንኣብነት፣ ክታበት ንፍዮ መብዛሕትኡ ግዜ ትሕቲ 9-12 ወርሒ ንዝዕድሚኦም ህጻናት ክወሃብ ኣይምከርን።,medical
21,"Very young babies who get measles are likely to be seriously ill, often requiring hospitalization.",ንፍዮ ዝሓሙ ኣዝዮም ንኣሽቱ ዕሸላት ብኸቢድ ክሓሙ ተኽእሎ ኣሎ፣ መብዛሕትኡ ግዜ ድማ ኣብ ሆስፒታል ምእታው የድልዮም።,medical
22,"Other people at high risk of contracting disease are those with weaker immune systems, due to other existing diseases or medications they are taking (such as some people with cancer, autoimmune diseases or transplant recipients).",ካልኦት ኣብ ልዑል ሓደጋ ሕማም ናይ ምልካፍ  ዘለዉ ሰባት፣ ብሰንኪ ካልኦት ህሉዋት ሕማማት ወይ ዝወስዱ ዘለዉ መድሓኒታት (ከም ገለ መንሽሮ ዘለዎም ሰባት፣ ሕማማት ዓቕሚ ርእሰ-ምክልኻል ሕማም ወይ ንቕለ ተኸላ ተቐበልቲ) ዝደኸመ ስርዓተ ምክልኻል ዘለዎም እዮም።,medical
23,1,1,medical
24,Before an outbreak of a vaccine- preventable disease occurs in your community,ኣብ ማሕበረሰብኩም ዝኽሰት ክታበት ክከላኸሎ ዝኽእል ሕማም ቅድሚ ምፍጣሩ,medical
25,Ensure that your child is adequately immunized for his or her age according to the routine immunization schedule.,ውላድኩም ብመሰረት ስሩዕ መደብ ክታበት ምስ ዕድሚኡ ወይ ዕድሚኣ እኹል ክታበት ከም ዝወሃቦ ወይ ዝወሃባ ኣረጋግጹ።,medical
26,Talk to your child’s doctor or nurse to be sure your child’s medical and immunization records are up to date regarding vaccination status.,ናይ ውላድኩም ናይ ሕክምናን ናይ ክታበት መዝገብ ብዛዕባ ናይ ክታበት ኩነታት እዋናዊ ምዃኑ ንምርግጋጽ ምስ ናይ ውላድኩም ሓኪም ወይ ነርስ ተዘራረቡ።,medical
27,Ask for a copy of the updated record.,ቅዳሕ ናይ’ቲ ዝተመሓየሸ መዝገብ ሕተቱ።,medical
28,"Keep your child’s school, childcare facility and other caregivers updated on your child’s vaccination status.",ቤት ትምህርቲ ውላድኩም፣ መዕበዪ ህጻናትን ካልኦት ኣለይትን ብዛዕባ ኩነታት ክታበት ውላድኩም ሓበሬታ ሃቡ።,medical
29,Be aware that unimmunized children can catch diseases from people who don’t have any symptoms.,እቶም ዘይተኸተቡ ህጻናት ካብቶም ዝኾነ ምልክታት ዘይብሎም ሰባት ሕማማት ክሕዙ ከም ዝኽእሉ ኣስተውዕሉ።,medical
30,You cannot tell who is contagious.,መን ተላባዒ ምዃኑ ክትሕብሩ ኣይትኽእሉን ኢኹም።,medical
31,Communities depend on high immunization coverage to keep vaccine-preventable diseases from spreading.,ማሕበረሰባት ብክታበት ክኽልከሉ ዝኽእሉ ሕማማት ከይላብዑ ኣብ ልዑል ሽፋን ክታበት ይምርኮሱ።,medical
32,"The more parents who choose not to vaccinate their children, the greater the risk of spreading diseases.",ደቆም ከይኽተቡ ዝመርጹ ወለዲ ብዝወሰኹ መጠን፣ ሕማማት ናይ ምስፍሕፋሕ ሓደጋኦም ይዓቢ።,medical
33,You put not only your child but also your community at risk when you decide not to vaccinate.,ክታበት ዘይምውሳድ ምስ እትውስኑ፣ ንውላድኩም ጥራይ ዘይኮነስ ንማሕበረሰብኩም እውን ኣብ ሓደጋ ትእትው ኢኹም።,medical
34,When there is vaccine-preventable disease in your community,ኣብ ማሕበረሰብኩም ክታበት ክከላኸሎ ዝኽእል ሕማም ምስ ዝህሉ,medical
35,It may not be too late to get protection by getting vaccinated.,ብምኽታብ መከላኸሊ ንምርካብ ብጣዕሚ ደንጉዩ ዘይክኸውን ይኽእል እዩ።,medical
36,Ask your child’s doctor.,ንሓኪም ውላድኩም ሕተቱ።,medical
37,"If there are cases (or, in some circumstances, a single case) of a vaccine-preventable disease in your community, you may be asked to take your child out of school, childcare or organized activities (for example, playgroups or sports).",ኣብ ማሕበረሰብኩም ክታበት ክከላኸሎ ዝኽእል ሕማም ዘለዎም ሰባት (ወይ ኣብ ገለ ኩነታት ሓደ ተርእዮ) እንተሃልዮም፣ ንውላድኩም ካብ ቤት ትምህርቲ፣ ክንክን ህጻናት ወይ ዝተወደበ ንጥፈታት (ንኣብነት፣ ጉጅለታት ጸወታ ወይ ስፖርት) ከተውጽእዎ ክትሕተቱ ትኽእሉ ኢኹም።,medical
38,"Your school, childcare facility or other institution will tell you when it is safe for an unvaccinated child to re- turn.",ቤት ትምህርትኹም፣ መዕበዪ ህጻናት ወይ ካልእ ትካልኩም፣ ዘይተኸተበ ህጻን መዓስ ክምለስ ውሑስ ምዃኑ ክነግረኩም እዩ።,medical
39,Be prepared to keep your child home for several days or up to several weeks.,ንውላድኩም ንብዙሓት መዓልታት ወይ ክሳብ ብዙሓት ሰሙናት ኣብ ገዛ ክተጽንሕዎ ድሉው ኩኑ።,medical
40,Learn about the disease and how it is spread.,ብዛዕባ እቲ ሕማምን ብኸመይ ከም ዝላባዕን ፍለጡ።,medical
41,It may not be possible to avoid exposure.,ካብ ምቅላዕ ምውጋድ ዘይከኣል ክኸውን ይኽእል እዩ።,medical
42,"Each disease is different, and the time between when your child might have been exposed to a disease and when he or she may get sick will vary.",ነፍሲ ወከፍ ሕማም ዝተፈለየ እዩ፣ ውላድኩም ንሓደ ሕማም ተቓሊዑ ክኸውን ዝኽእል ግዜን ክሓምም ዝኽእል ወይ ክትሓምም ትኽእል ግዜን ድማ ይፈላለ እዩ።,medical
43,Talk with your child’s doctor to get their guidelines for determining when your child is no longer at risk of coming down with the disease.,ውላድኩም ድሕሪ ሕጂ በቲ ሕማም ናይ ምትሓዝ ሓደጋ ምስ ዘይህልዎ ንምውሳን ዝሕግዙ መምርሒታቶም ንምርካብ ምስ ሓኪም ውላድኩም ተዘራረቡ።,medical
44,BE WARE,ተጠንቀቑ,medical
45,Any vaccine-preventable disease can appear at any time in the European Region because all of these diseases still circulate either here or elsewhere in the world.,ዝኾነ ክታበት ክከላኸሎ ዝኽእል ሕማም ኣብ ዞባ ኤውሮጳ ኣብ ዝኾነ እዋን ክረአ ይኽእል እዩ፣ ምኽንያቱ ኩሎም እዞም ሕማማት ክሳብ ሕጂ ኣብዚ ወይ ኣብ ካልእ ቦታታት ዓለም ይዘዋወሩ ስለዘለው።,medical
46,"Sometimes vaccine-preventable diseases cause clusters of cases and outbreaks, i.e. an increased number of cases in a given time and area.",ሓደ ሓደ ግዜ ብክታበት ክኽልከሉ ዝኽእሉ ሕማማት ምትእኽኻብ ሕሙማትን ለበዳታትን የስዕቡ፣ ማለት ኣብ ዝተወሰነ ግዜን ከባቢን ቁጽሪ ሕሙማት ይውስኽ።,medical
47,"For some diseases, one case is enough to cause concern in a community.",ንገለ ሕማማት፣ ሓደ ተርእዮ ኣብ ሓደ ሕብረተሰብ ሻቕሎት ንምፍጣር እኹል እዩ።,medical
48,"An example is measles, which is one of the most contagious diseases known.",ኣብነት ናይዚ ሕማም ንፍዮ ኮይኑ፣ ሓደ ካብቶም ብዝለዓለ ደረጃ ዝፍለጡ ተላባዕቲ ሕማማት እዩ።,medical
49,This disease spreads quickly among people who are not immune.,እዚ ሕማም እዚ ኣብቶም ናይ ምክልኻል ዓቕሚ ዘይብሎም ሰባት ብቕልጡፍ ይላባዕ።,medical
50,"In most cases, there is no way to know beforehand how severe diseases will be in your child.",ኣብ መብዛሕትኡ ኣጋጣሚታት፣ እቲ ሕማም ኣብ ውላድኩም ክሳብ ክንደይ ከቢድ ከምዝኸውን ኣቐዲምካ ንምፍላጥ ዝሕግዝ ኣገባብ የለን።,medical
51,"Learn more by asking your health care provider for the sheet titled “Vaccine- preventable diseases: signs, symptoms & complications”",ንወሃቢ ክንክን ጥዕናኹም “ብክታበት ክኽልከሉ ዝኽእሉ ሕማማት፦ ምልክታት፣ ምልክታትን ጸገማትን” ዝብል ኣርእስቲ ዘለዎ ወረቐት ብምሕታት ዝያዳ ፍለጡ።,medical
52,2,2,medical
53,If you know your child is exposed to a vaccine-preventable disease for which he or she has not been vaccinated,ውላድኩም ብክታበት ክከላኸሎ ዝኽእል ሕማም ከም ዝተቓልዐ እንተፈሊጥኩም፣ ማለት እውን ክታበት ዘይተገበረሉ ወይ ዘይተገበረላ,medical
54,Learn the early signs and symptoms of the disease.,ናይ መጀመርታ ምልክታትን ምልክታት ናይቲ ሕማምን ፍለጡ።,medical
55,Seek immediate medical help if your child or any family members develop early signs or symptoms of the disease.,ውላድኩም ወይ ዝኾነ ኣባል ስድራቤትኩም ናይ መጀመርታ ምልክታት ወይ ምልክታት ናይ'ቲ ሕማም እንተድኣ ኣርእዩኩም ቅልጡፍ ሕክምናዊ ሓገዝ ድለዩ።,medical
56,IMPORTANT:,ኣገዳሲ ሓበሬታ፦,medical
57,"Notify your doctor, local medical facility, ambulance or emergency room personnel that your child has not been fully vaccinated before medical staff have contact with your child or your family members.",ሰራሕተኛታት ሕክምና ምስ ውላድኩም ወይ ኣባላት ስድራቤትኩም ቅድሚ ርክብ ምግባሮም፣ ንሓኪምኩም፣ ኣብ ከባቢኹም ዝርከብ ትካል ሕክምና፣ ኣምቡላንስ ወይ ሰራሕተኛታት ክፍሊ ህጹጽ ረድኤት ውላድኩም ምሉእ ብምሉእ ከምዘይተኸተበ ኣፍልጡ።,medical
58,They need to know that your child may have a vaccine-preventable disease so that they can treat your child correctly as quickly as possible.,ምእንቲ ንውላድኩም ብዝተኻእለ መጠን ብቕልጡፍ ብትኽክል ክሕክምዎ፣ ውላድኩም ክታበት ክከላኸሎ ዝኽእል ሕማም ክህልዎ ከም ዝኽእል ክፈልጡ ኣለዎም፣,medical
59,Medical staff also can take simple precautions to prevent diseases from spreading to others if they know ahead of time that their patient may have a contagious disease.,ሰራሕተኛታት ሕክምና እውን ሕሙሞም ተላባዒ ሕማም ክህልዎ ከምዝኽእል ኣቐዲሞም እንተፈሊጦም፣ ሕማማት ናብ ካልኦት ከይላብዑ ቀለልቲ ጥንቃቐታት ክገብሩ ይኽእሉ እዮም።,medical
60,If you travel with your child,ምስ ውላድኩም እንተተጓዒዝኩም,medical
61,Review the WHO travellers’ information website (www.who.int/topics/travel) before travelling to learn about possible disease risks and vaccines that will protect your family.,ቅድሚ ምጉዓዝኩም ብዛዕባ ክህልዉ ዝኽእሉ ሓደጋታት ሕማማትን ንስድራቤትኩም ዝከላኸሉ ክታበታትን ንምፍላጥ ኣብ መርበብ ሓበሬታ (www.who.int/topics/travel) ናይ WHO ሓበሬታ ተጓዓዝቲ ርአዩ።,medical
62,Diseases that vaccines prevent remain common throughout the world.,ክታበት ዝከላኸልዎም ሕማማት ኣብ መላእ ዓለም ልሙዳት ኮይኖም ይቕጽሉ ኣለዉ።,medical
63,http://www.who.int/topics/travel),http://www.who.int/topics/travel),medical
64,"If you are aware that you or your child have a vaccine-preventable disease, do not spread disease to others.",ንስኹም ወይ ውላድኩም ክታበት ክከላኸሎ ዝኽእል ሕማም ከም ዘለኩም እንተፈሊጥኩም፣ ናብ ካልኦት ሕማም ኣይተመሓላልፉ።,medical
65,"Do not travel in such condition, as you or other family members could still be infectious.",ንስኹም ወይ ካልኦት ኣባላት ስድራቤት ገና ተላባዒ ሕማም ዘለኩም ክትኮኑ ስለእትኽእሉ፣ ኣብ ከምዚ ኩነታት ኣይትጉዓዙ።,medical
66,"If an unimmunized person develops a vaccine-preventable disease while travelling, to prevent transmission to others, he or she should not travel by a plane, train or bus until a doctor determines the person is no longer contagious.",ሓደ ዘይተኸተበ ሰብ ክታበት ክከላኸሎ ዝኽእል ሕማም ኣብ ዝጓዓዘሉ እዋን እንተድኣ ኣማዕቢሉ፣ ናብ ካልኦት ከይመሓላለፍ፣ እቲ ሰብ ድሕሪ ደጊም ተላባዒ ሕማም ከምዘይብሉ ሓኪም ክሳብ ዘረጋግጽ ብነፋሪት፣ ባቡር ወይ ኣውቶቡስ ክጓዓዝ የብሉን ወይ የብላን።,medical
67,"In certain instances, public health authorities may prevent you from travelling, due to the risk of disease spreading.",ኣብ ዝተወሰኑ ኣጋጣሚታት፣ ሰበስልጣን ህዝባዊ ጥዕና ብሰንኪ ሓደጋ ምስፍሕፋሕ ሕማም ካብ ምጉዓዝ ክኽልክልኹም ይኽእሉ እዮም።,medical
68,Check your own status,ናይ ገዛእ ርእስኹም ኩነታት መርምሩ,medical
69,"Make sure to check your own immunization status, as you are putting your child at risk of disease when you are not fully vaccinated.",ምሉእ ብምሉእ ኣብ ዘይትኽተብሉ እዋን ንውላድኩም ኣብ ሓደጋ ሕማም ስለ እተእትውዎ፣ ናይ ገዛእ ርእስኹም ናይ ክታበት ኩነታት ምምርማርኩም ኣረጋግጹ።,medical
70,"Follow recommendations to isolate your child from others, including family members, and especially infants and people with weakened immune systems.",ንውላድኩም ካብ ካልኦት ሰባት፣ እንተላይ ካብ ኣባላት ስድራቤት፣ ብፍላይ ድማ ካብ ዕሸላትን ሕማም ናይ ምክልኻል  ዓቕሞም ዝደኸመ ሰባትን ንምንጻል ዝወሃቡ ለበዋታት ተኸተሉ።,medical
71,"For more information on vaccines, visit:",ብዛዕባ ክታበታት ተወሳኺ ሓበሬታ ንምርካብ፣ ኣብዚ ዝስዕብ መርበብ ሓበሬታ ተወከሱ፦,medical
72,<3680>www.euro.who.int/vaccine/resourcecentre</3680>,<3680>www.euro.who.int/vaccine/resourcecentre</3680>,medical
73,http://www.euro.who.int/vaccine/resourcecentre,http://www.euro.who.int/vaccine/resourcecentre,medical
74,"Be aware that for some vaccine-preventable diseases, there are medicines to treat infected people and medicines to keep people they come in contact with from getting the disease.",ንገለ ብክታበት ክኽልከሉ ዝኽእሉ ሕማማት፣ ንዝተለኽፉ ሰባት ዝሕክሙ መድሓኒታትን ዝራኸብዎም ሰባት ድማ በቲ ሕማም ከይተሓዙ ዝሕግዙ መድሓኒታትን ከምዘለዉ ኣስተውዕሉ።,medical
75,Ask your healthcare provider about other ways to protect your family members and anyone else who may come into contact with your child.,ንኣባላት ስድራቤትኩምን ምስ ውላድኩም ክራኸብ ዝኽእል ካልእ ዝኾነ ሰብን ክትከላኸሉሉ ብዛዕባ እትኽእሉ ካልኦት መገድታት ንወሃቢ ክንክን ጥዕናኹም ሕተቱ።,medical
76,Your family may be contacted by the state or local health department that tracks infectious disease out- breaks in the community.,ስድራቤትኩም በቲ ኣብቲ ማሕበረሰብ ንዝፍጠር ለበዳ ተላባዒ ሕማም ዝከታተል ክፍሊ ጥዕና ናይቲ ግዝኣት ወይ ናይቲ ከባቢ ክረኽብዎ ይኽእሉ።,medical
77,© World Health Organization 2012,© World Health Organization 2012,medical
78,3,3,medical
79,Patient Label,መለለዪ ተሓካሚ,medical
80,General Consent for Professional/Clinic,ሓፈሻዊ ስምምዕ ንበዓል ሞያ/ክሊኒክ,medical
81,AUTHORIZATION FOR TREATMENT:,ናይ ሕክምና ፍቓድ፦,medical
82,"I authorize this Clinic and/or its associated entities; Physicians and Advanced Practice Providers, (collectively, “Providers’}; and their agents and employees to provide me with medical, mental health, and surgical care.",ነዚ ክሊኒክን/ወይ ድማ ምስኡ ዝተኣሳሰሩ ኣካላትን እፈቕደሎም፤ ሓካይምን ወሃብቲ ላዕለዋይ ልምዲ፣ (ብጠቕላላ፣ “ወሃብቲ ኣገልግሎት’)፤ ከምኡ’ውን ወከልቶምን ሰራሕተኛታቶምን ሕክምናዊ፣ ጥዕና ኣእምሮን መጥባሕታዊ ክንክንን ንኽህቡኒ።,medical
83,"This may include: tests, exams, procedures, drugs, and any other necessary treatment.",እዚ ድማ፦ ምርመራታት፣ ፈተነታት፣ ኣገባባት፣ መድሓኒታት፣ ከምኡ'ውን ዝኾነ ካልእ ኣድላዪ ሕክምና ከጠቓልል ይኽእል።,medical
84,I understand and agree that my care may be provided through a virtual visit or telehealth.,ሕክምናይ ብምናባዊ ምብጻሕ ወይ telehealth ክወሃብ ከም ዝኽእል እርዳእን እስማዕማዕን እየ።,medical
85,I agree that no one can guarantee results or cures.,ውጽኢት ወይ ፈውሲ ውሕስነት ክህብ ዝኽእል ሰብ ከምዘየለ እሰማማዕ እየ።,medical
86,"I understand Providers are part of a teaching environment, and at times, students, residents, and fellows may be involved in my care.",ወሃብቲ ኣገልግሎት ናይ ሓደ ናይ ምምሃር ሃዋህው ኣካል ምዃኖም እርዳእን እዩ፣ ኣብ ገለ እዋናት ድማ፣ ተምሃሮ፣ ነበርትን መሓዙተይን ኣብ ሕክምናይ ክሳተፉ ይኽእሉ።,medical
87,I attest that I have the legal right to consent to treatment for this patient.,ነዚ ተሓካሚ እዚ ንሕክምና ናይ ምፍቓድ ሕጋዊ መሰል ከም ዘለኒ እምስክር።,medical
88,ASSIGNMENT OF BENEFITS & PAYMENT RESPONSIBILITY:,ኣወሃህባ ረብሓታትን ሓላፍነት ክፍሊትን፦,medical
89,"I give Providers permission to give my medical records and information to insurance providers or other third-party payers to receive payment for services, care, or treatment (collectively referred to as “health services”) provided by Providers.","ንወሃብቲ ኣገልግሎት ናይ ሕክምና መዝገበይን ሓበሬታይን ንወሃብቲ ውሕስነት ወይ ካልኦት ሳልሳይ ኣካል ከፈልቲ ንወሃብቲ ኣገልግሎት ሕክምና (ብሓባር ""ኣገልግሎታት ጥዕና"" ተባሂሎም ዝጽውዑ) ንዝወሃቦም ኣገልግሎታት፣ ክንክን ወይ ሕክምና ክፍሊት ንክቕበሉ ፍቓድ እህብ።",medical
90,"I assign payment otherwise payable to me from Medicare, Medicaid, insurance carriers, employees health benefit plans, and other third-party payers (collectively referred to as “Plans’} to Providers.",ካብ Medicare፣ Medicaid፣ ናይ መድሕን ትካላት፣ መደባት ረብሓ ጥዕና ሰራሕተኛታትን ካልኦት ሳልሳይ ወገን ከፈልቲን (ብሓባር “መደባት’} ተባሂሎም ዝጽውዑ) ብኻልእ መንገዲ ዝኽፈል ክፍሊት ንኣቕረብቲ እምድቦ።,medical
91,"I understand I am responsible for knowing the limits of my Plan benefits and agree to be personally responsible for paying for health services provided to me, including any amount not paid by my Plan, consistent with any applicable, written, contractual discounts and the Providers’ patient financial assistance policies.",ደረት መደብ ጥቕምታተይ ናይ ምፍላጥ ሓላፍነት ከም ዘለኒ እርዳእን ንዝወሃበኒ ኣገልግሎት ጥዕና፣ እንተላይ ዝኾነ ብመደበይ ዘይተኸፍለ መጠን ገንዘብ፣ ምስ ዝኾነ ተግባራዊ ዝኾነ፣ ብጽሑፍ፣ ውዕላዊ ቅናስን ፖሊሲታት ቁጠባዊ ሓገዝ ሕሙማትን ዝሰማማዕ፣ ንምኽፋል ብውልቀይ ሓላፍነት ክወስድ እሰማማዕን።,medical
92,I am responsible for following all insurance policy rules.,ንኹሎም ሕግታት ፖሊሲ መድሕን ናይ ምኽታል ሓላፍነት ኣለኒ።,medical
93,I understand charges may be based upon the clinic's charge-master and accept those charges as being reasonable.,ክፍሊታት ኣብቲ ናይቲ ክሊኒክ ዋና ናይ ክፍሊት ሰነድ ዝተመርኮሱ ክኸውን ከም ዝኽእሉ እርዳእን ነቶም ክፍሊታት ከም ምኽንያታዊ ጌረ እቕበሎምን።,medical
94,"I know that if I do not pay what I owe to Providers, they may send the matter to a collection agency or attorney; I understand and agree to be responsible for all collection costs, including reasonable attorney's fees, court costs, and interest.",ንወሃብቲ ኣገልግሎት ዝግበኣኒ እንተዘይከፊለ፣ ነቲ ጉዳይ ናብ ናይ ጠቕላላ ትካል ወይ ጠበቓ ክሰድድዎ ከምዝኽእሉ እፈልጥ እየ፤ ንኹሉ ናይ ጠቕላላ ወጻኢታት፣ እንተላይ ንርትዓዊ ክፍሊት ጠበቓ፣ ወጻኢታት ቤት ፍርዲ፣ ከምኡ’ውን ወለድ ተሓታቲ ክኸውን እርዳእን እሰማማዕን።,medical
95,"I understand any over-payments, deposits, and/or credits may be applied to any other outstanding account balances with IU Health prior to receiving a refund.",ዝኾነ ልዕሊ ዓቐን ክፍሊት፣ ተቐማጢ ገንዘብን/ወይ ልቓሕን ቅድሚ ምምላስ ገንዘብ ምቕባሉ ኣብ ዝኾነ ካልእ ዝተረፈ ናይ ሕሳብ መጠን ምስ IU Health ክውዕል ከምዝኽእል እርዳእ።,medical
96,DISCLAIMER:,ሓላፍነት ምውሳድ፦,medical
97,Patient's payer identification card is for informational purposes only.,ናይ ተሓካሚ ከፋሊ መለለዪ ካርዲ ንሓበሬታ ዝዓለመ ጥራይ እዩ።,medical
98,Contracts for payment and reimbursement must be agreed to in writing by both payer and the Hospital.,ናይ ክፍሊትን ምምላስን ውዕላት ብኽልቲኦም ከፋልን ሆስፒታልን ብጽሑፍ ክሰማማዕ ኣለዎ።,medical
99,Any attempt to establish a contract or vary the terms of a contract with provisions contained on a patient's payer identification card is disclaimed and rejected.,ዝኾነ ይኹን ፈተነ ውዕል ንምምስራት ወይ ምቕያር ውዕል ኣብ መለለዪ ከፋሊ ሕሙም ዝርከብ ድንጋገታት ዝሓዘ ካርዲ ተቐባልነት ዘይብሉን ዝተነጽገን እዩ።,medical
100,INDIANA LAW AND JURISDICTION:,ሕግን ስልጣንን INDIANA፦,medical
101,"I understand that I am receiving care from an Indiana health care system. Agree that if I choose to raise a dispute related to my care or billing, the case must be filed in an Indiana court, and I agree Indiana law will apply.",ካብ ስርዓተ ክንክን ጥዕና Indiana ሕክምና ይረክብ ከም ዘለኹ እርዳእ። ምስ ሕክምናይ ወይ ሕሳበይ ዝተኣሳሰር ክርክር ከልዕል እንተመሪጸ፣ እቲ ጉዳይ ኣብ ቤት ፍርዲ Indiana ክቐርብ ከም ዘለዎ እሰማማዕ፣ ሕጊ Indiana ድማ ከም ዝሰርሕ እሰማማዕ።,medical
102,COMMUNICATIONS CONSENT:,ስምምዕ ርክባት፦,medical
103,"You expressly consent and agree that Providers may use health information about your medical care for a range of purposes, including billing and collecting moneys due from you.",እቶም ወሃብቲ ኣገልግሎት ብዛዕባኹም ሕክምናዊ ክንክን ዝምልከት ናይ ጥዕና ሓበሬታ ንብዙሕ ዕላማታት ክጥቀሙ ከም ዝኽእሉ ብግልጺ ክቕበልዎምን ክሰማምዕሎምን እዮም፣ እዚ ድማ ካብ ናቶም ዝኽፈል ገንዘብ ምኽፋልን ምእካብን የጠቓልል።,medical
104,"Providers' employees, business associates, and other third parties acting on its behalf may contact you with information relating to your care, including: appointment reminders; scheduling or registration; alerts about preventative services and other treatment options; information regarding insurance, billing, eligibility, and/or collections; health-related promotional information that might be of interest to you; or other reminders and alerts that may be helpful in coordinating/continuing your health care.",ሰራሕተኛታት ወሃብቲ ኣገልግሎት፣ ናይ ንግዲ መሻርኽቶም፣ ከምኡ’ውን ካልኦት ብሽሞም ዝንቀሳቐሱ ሳልሳይ ወገናት ምስ ናቶም ክንክን ዝዛመድ ሓበሬታ ከቕርብሎም ይኽእሉ፣ እንተላይ፣ መዘኻኸሪታት ቆጸራ፣ መደብ ወይ ምዝገባ፣ መጠንቀቕታታት ብዛዕባ መከላኸሊ ኣገልግሎታትን ካልኦት ናይ ሕክምና ኣማራጺታትን፣ ሓበሬታ ብዛዕባ ውሕስነት፣ ክፍሊት፣ ብቕዓት፣ ወይ ድማ ምእካብ፣ ምስ ጥዕና ዝተኣሳሰር ንኦም ዝምልከት ሓበሬታ፣ ወይ ካልእ ኣብ ምምሕዳር/ምቕጻል ናይ ክንክን ጥዕንኦም ሓጋዚ ክኸውን ዝኽእል መዘኻኸሪታትን መጠንቀቕታታትን።,medical
105,"You expressly consent and agree to be contacted at the phone number (including mobile, cellular/wireless or similar devices) and/or email address you provide below, including by text (SMS), for which your telecommunications carrier may charge data usage fees (including additional charges when roaming).",ብግልጺ ክቕበልዎምን ክሰማምዕሎምን በዚ ኣብ ታሕቲ ዝሃብዎ ቁጽሪ ተሌፎን (ሞባይል፣ ሞባይል/ገመድ ኣልቦ ወይ ተመሳሰልቲ መሳርሒታት ሓዊስካ) ከምኡ’ውን/ወይ ኢመይል ኣድራሻ፣ እንተላይ ብጽሑፍ (SMS)፣ ንዕኡ ድማ ቴሌኮሙኒኬሽኖም ዝሓዘ ክፍሊት ኣጠቓቕማ ሓበሬታ ክሓትት ይኽእል ( ሮሚንግ ኣብ ዝግበረሉ እዋን ተወሳኺ ክፍሊት ሓዊሱ)።,medical
106,Please contact your wireless carrier for complete pricing details.,ንምሉእ ዝርዝራዊ ዋጋታት ንምፍላጥ፣ በይዝኦም ምስ ናይ ገመድ ኣልቦ ኣገልግሎት ወሃቢኦም ርክብ ይግበሩ።,medical
107,"The ways in which we may contact you include live operator, automatic telephone dialing systems (auto-dialer), artificial or prerecorded message, text/SMS message, or email.",እቶም ክንረኽበኩም እንኽእለሉ መንገድታት፣ ቀጥታዊ ኦፕሬተር፣ ቕጽበታዊ ስርዓታት ምድዋል ቴሌፎን (auto-dialer)፣ ሰብ-ስራሕ ወይ ቅድሚኡ ዝተቐድሐ መልእኽቲ፣ መልእኽቲ ጽሑፍ/ SMS፣ ወይ ኢመይል ይርከብዎም።,medical
108,"By providing your phone number and/or email to us without conditions, whether directly or through an intermediary, verbally, electronically, or in writing Providers may contact you by phone (described above), text (SMS), and/or email communications to perform your medical care and services related to your medical care, such as appointment reminders, education, patient experience and care inquiries, and billing services, including for purposes of collecting moneys due from you.",ቁጽሪ ተሌፎኖምን/ወይ ኢመይሎምን ብዘይ ቅድመ ኩነት ብምሃብ፣ ብቐጥታ ይኹን ብመንገዲ መንጎኛ፣ ብቓል፣ ብኤሌክትሮኒካዊ ወይ ብጽሑፍ ወሃብቲ ኣገልግሎት ብተሌፎን (ኣብ ላዕሊ ተገሊጹ ዘሎ)፣ ብጽሑፍ (SMS)፣ ከምኡ’ውን/ወይ ብኢመይል ርክባት ናብ ሕክምናዊ ማእኸሎምን ምስ ሕክምናዊ ማእኸሎም ዝተኣሳሰሩ ኣገልግሎታትን፣ ከም መዘኻኸሪ ቆጸራ፣ ትምህርቲ፣ ተመኩሮ ሕሙማትን ሕቶታት ክንክንን፣ ከምኡ’ውን ኣገልግሎታት ሕሳብ ምኽፋል፣ እንተላይ ንዕላማታት ካብኦም ዝኽፈል ገንዘብ ንምእካብ ምፍጻም።,medical
109,"By signing below, you agree that we may call your phone (described above), text (SMS), and/or send email communications for marketing or solicitation about Providers’ or our third-party partners’ products and services related to medical care that we think would be of interest to you, including for research recruitment purposes by the Hospital and Indiana University.",ኣብ ታሕቲ ብምፍራም፣ ብዛዕባ ምስ ሕክምናዊ ክንክን ዝተኣሳሰር ውጽኢታትን ኣገልግሎታትን ወሃብቲ ኣገልግሎት ወይ ሳልሳይ ወገን መሻርኽትና ንዕዳጋ ወይ ምሕጽንታ ንስልኮም (ኣብ ላዕሊ ተገሊጹ ዘሎ)፣ ንጽሕፎም (SMS)፣ ከምኡ’ውን/ወይ ድማ ናይ ኢመይል ርክባት ክንሰድድ ከም እንኽእል ይሰማምዑ ንዕላማታት ምልመላ ምርምር ብ Hospital and Indiana University ሓዊሱ ንኦም ዝምስጦም ኢልና ንሓስብ።,medical
110,"You understand you are not required to sign or agree to enter this communications consent as a condition of purchasing any property, goods, or servlC9S.",ነዚ ናይ ርክባት ስምምዕ ከም ቅድመ ኩነት ዝኾነ ንብረት፣ ኣቑሑት ወይ ኣገልግሎት ንምዕዳግ ክፍርምዎ ወይ ከእትውዎ ከምዘይግደድ ይርድኡ።,medical
111,This agreement will remain in place unless you take steps to revoke your consent.,እዚ ስምምዕ እዚ ስምምዖም ንምስራዝ ስጉምቲ እንተዘይወሲዶም ኣብ ቦትኡ ክጸንሕ እዩ።,medical
112,"If you wish to do this, you should:",እዚ ክገብሩ እንተደሊዮም፣ ክገብርዎ ዝግባእ፦,medical
113,"(i) provide Providers with written notice revoking your prior consent, (ii) include your name, mailing address, and the last four digits of your account number; (iii) advise whether you would like communications to cease via phone all, text/SMS or email; (iv) provide the specific phone number(s) and email address; and (v) send the notice to Providers, Attention Customer Service, 250 N. Shadeland Ave., Indianapolis, Indiana 46219.",(i) ንወሃብቲ ኣገልግሎት ኣቐዲሞም ዝገበርዎ ስምምዕ ዝስርዝ ናይ ጽሑፍ ምልክታ ምሃብ፣ (ii) ስሞም፣ ናይ ፖስታ ኣድራሽኦምን ናይ መወዳእታ ኣርባዕተ ኣሃዛት ቁጽሪ ሕሳቦምን የካትቱ፤ (iii) ብተሌፎን፣ ብጽሑፍ/SMS ወይ ብኢመይል ዝግበር ርክባት ደው ክብል ይደልዩ እንተኾይኖም ምኽሪ ምሃብ፤ (iv) እቲ ፍሉይ ቁጽሪ ተሌፎን(ታት)ን ኢመይል ኣድራሻን ምሃብ፤ ከምኡ’ውን (v) ነቲ ምልክታ ናብ ወሃብቲ ኣገልግሎት፣ ኣቓልቦ ኣገልግሎት ዓማዊል፣ 250 N. Shadeland Ave.፣ Indianapolis፣ Indiana 46219 ስደድዎ።,medical
114,I AGREE WITH THE ABOVE COMMUNICATIONS CONSENT:,ምስዚ ኣብ ላዕሊ ዘሎ ስምምዕ ርክባት እሰማማዕ፦,medical
115,YES NO,እወ ኣይኮነን,medical
116,DATE/TIME,ዕለት/ሰዓት,medical
117,PHONE NUMBER,ቁጽሪ ተሌፎን,medical
118,**Please see following for IMPORTANT NOTICES”,**በይዘኦም ንዝስዕቡ ኣገደስቲ ምልክታታት ይር አዩ”,medical
119,ATTENTION:,የስተውዕሉ፦,medical
120,Please read entire form before signing.,ቅድሚ ምፍራሞም በይዘኦም ምሉእ ቅጥዒ የንብብዎ።,medical
121,Changes will not be accepted on this form.,ኣብዚ ቅጥዒ ለውጢታት ተቐባልነት ኣይህልዎን።,medical
122,"By signing this, I agree that I have read everything in this Consent and agree that everything in this Consent will apply to current and future health care services provided by Providers.",ነዚ ብምፍራም፣ ኣብዚ ስምምዕ ዘሎ ኩሉ ከም ዘንበብክዎን ኩሉ ኣብዚ ስምምዕ ዘሎ ብወሃብቲ ኣገልግሎት ዝወሃብ ህሉውን መጻእን ኣገልግሎት ክንክን ጥዕና ከም ዝምልከት እሰማማዕ።,medical
123,SIGNATURE OF PATIENT/LEGAL REPRESENTATIVE,ፊርማ ተሓካሚ/ሕጋዊ ወኪል,medical
124,DATE/TIME,ዕለት/ሰዓት,medical
125,RELATIONSHIP,ዝምድና,medical
126,SIGNATURE OF GUARANTOR (IF OTHER THAN PATIENT/LEGAL REPRESENTATIVE),ፊርማ ዋሕስ (ካብ ሕሙም/ሕጋዊ ወኪል ወጻኢ እንተኾይኑ),medical
127,DATE/TIME,ዕለት/ሰዓት,medical
128,RELATIONSHIP,ዝምድና,medical
129,GENERAL CONSENT FOR PROFESSIONAL/CLINIC,ሓፈሻዊ ስምምዕ ንበዓል ሞያ/ክሊኒክ,medical
130,136652 (10/10/2023),136652 (10/10/2023),medical
131,Page 1 of 2,ገጽ 1 ካብ 2,medical
132,GENERAL FINANCIAL,ሓፈሻዊ ቁጠባዊ,medical
133,CONSENT,ስምምዕ,medical
134,Y-2,Y-2,medical
135,RELEASE OF INFORMATION:,ሓበሬታ ምፍናው፦,medical
136,Current and/or previous providers may share your medical records to Providers to facilitate your health care.,ናይ ሕጂን/ወይ ቅድሚ ሕጂ ዘለዉን ወሃብቲ ኣገልግሎት፣ ንሕክምናዊ ክንክኖም ንምምችቻው መዛግብቲ ሕክምንኦም ንወሃብቲ ኣገልግሎት ከካፍልዎም ይኽእሉ።,medical
137,The Providers may use minimally necessary medical records for your health care.,እቶም ወሃብቲ ኣገልግሎት ንሕክምና ጥዕንኦም ብውሑድ ኣድለይቲ ዝኾኑ መዛግብቲ ሕክምና ክጥቀሙ ይኽእሉ።,medical
138,"Providers may share your minimally necessary medical information with family members and friends involved in your care to make decisions about your care, if you are unable to do so or give permission.",ወሃብቲ ኣገልግሎት ብዛዕባ ጥዕንኦም ውሳነታት ንምውሳን ምስ ኣባላት ስድራቤትን ኣብ ጥዕንኦም ዝነጥፉ ኣዕሩኽን ብውሑድ ኣድላዪ ዝኾነ ሕክምናዊ ሓበሬትኦም ከካፍልዎም ይኽእሉ እዮም፣ እንድሕር ንሶም ክገብርዎ ወይ ፍቓድ ክህቡ እንተዘይክኢሎም።,medical
139,"Providers may share your medical records to third-party payers, insurance companies, review agencies, employers, welfare departments, and third-party data service providers such as health information exchange programs.",ወሃብቲ ኣገልግሎት መዛግብቲ ሕክምንኦም ንሳልሳይ ወገን ከፈልቲ፣ ናይ መድሕን ኩባንያታት፣ ንናይ ግምገማ ትካላት፣ ኣስራሕቲ፣ ክፍልታት ድሕነት፣ ከምኡ’ውን ሳልሳይ ወገን ወሃብቲ ኣገልግሎት መረዳእታ ከም መደባት ምልውዋጥ ሓበሬታ ጥዕና ከካፍሉ ይኽእሉ።,medical
140,"You have the right to request a restriction of your health information by contacting Health Information Management, 1701 N Senate Blvd., Indianapolis, IN 46202.",ንHealth Information Management፣ 1701 N Senate Blvd.፣ Indianapolis፣ IN 46202 ብምርካብ ናይ ጥዕና ሓበሬታኦም ገደብ ናይ ምሕታት መሰል ኣለዎም።,medical
141,"At any time, you may change this by giving written notice to Providers.",ኣብ ዝኾነ እዋን፣ ንወሃብቲ ኣገልግሎት ብጽሑፍ ምልክታ ብምሃብ ነዚ ክቕይርዎ ይኽእሉ እዮም።,medical
142,HIPAA:,HIPAA፦,medical
143,Providers’ Notice of Privacy Practices has been given or made available.,ናይ ወሃብቲ ኣገልግሎት ምልክታ ናይ ብሕታዊነት ኣሰራርሓታት ተዋሂቡ ወይ ቅሩብ ተገይሩ ኣሎ።,medical
144,USE AND DISPOSAL OF BODY PARTS:,ኣጠቓቕማን ምውጋድን ክፍሊ ኣካላት፦,medical
145,"Providers are part of a research and teaching institution and are permitted to use body parts removed from procedure(s), including organs, tissue, bone, or bodily fluids, for these purposes.",ወሃብቲ ኣገልግሎት ኣካል ናይ ሓደ መጽናዕትን መምሃሪን ኣካል ኮይኖም፣ ካብ ኣገባብ (ባት) ዝተኣልዩ ክፍልታት ኣካላት፣ እንተላይ ኣካላት፣ ቲሹ፣ ዓጽሚ ወይ ፈሳሲ ኣካላት፣ ነዞም ዕላማታት ክጥቀሙ ይፍቀደሎም።,medical
146,"Your data and body parts will be treated carefully, so you cannot be identified, except as required by law.",ሓበሬትኦምን ክፍሊ ኣካላቶምን ብጥንቃቐ ክተሓዝ እዩ፣ ስለዚ መንነቶም ክፈልጥዎ ኣይኽእሉን እዮም፣ ብዘይካ ብሕጊ ዝድለ።,medical
147,You do not legally own your body parts after removal and have no rights to the research products from these parts.,ድሕሪ ምእላይ ክፍሊ ኣካላቶም ብሕጋዊ መንገዲ ኣይውንንዎን፣ ካብዞም ክፍልታት ድማ ንዝመጽእ ውጽኢት ምርምር መሰል የብሎምን።,medical
148,PICTURES AND RECORDINGS:,ስእልታትን መዛግብትን፦,medical
149,Audio and video recording of your care will be for Providers’ use only or as allowed by law.,ናይ ጥዕንኦም ድምጽን ቪድዮን ምምዝጋብ ንኣገልግሎት ወሃብቲ ጥቕሚ ጥራይ ወይ ብሕጊ ከም ዝፈቕዶ ክኸውን እዩ።,medical
150,You will be asked to sign a separate consent if recordings and pictures are used for other purposes.,መዛግብትን ስእልታትን ንኻልኦት ዕላማታት እንተተጠቒሞምሎም ፍሉይ ስምምዕ ክፍርሙ ክሕተቱ እዮም።,medical
151,You are not allowed to record or photograph without Providers’ prior consent.,ብዘይ ቅድመ ስምምዕ ናይ'ቶም ወሃብቲ ኣገልግሎት ክምዝግቡ ወይ ክስእሉ ኣይፍቀድን እዩ።,medical
152,INFECTIOUS DISEASE TESTING:,ምርመራ ተላባዒ ሕማም፦,medical
153,Providers test for infectious diseases.,ወሃብቲ ኣገልግሎት ተላባዕቲ ሕማማት ይምርምሩ።,medical
154,This may include hepatitis and human immunodeficiency virus (HIV).,እዚ ድማ ሕማም ጸላም ከብድን ቫይረስ ምጉዳል ምክልኻል ሕማም ሰብን (HIV) ከጠቓልል ይኽእል።,medical
155,These tests may be ordered by a Provider if one of your caregivers is exposed to your bodily fluid.,እዞም ምርመራታት እዚኣቶም ሓደ ካብ ኣለይቶም ንፈሳሲ ኣካላቶም እንተተቓሊዑ ብወሃቢ ኣገልግሎት ክእዘዙ ይኽእሉ።,medical
156,PERSONAL BELONGINGS:,ውልቃዊ  ንብረት፦,medical
157,"Providers are not liable for loss, theft, or damage of my personal belongings.",ወሃብቲ ኣገልግሎት ንውልቃዊ ንብረተይ ንዝጠፍአ፣ ስርቂ ወይ ዕንወት ተሓተትቲ ኣይኮኑን።,medical
158,"Providers want belongings of value sent home, but you can keep certain belongings with you AT YOUR OWN RISK AND AT YOUR OWN EXPENSE, AND NO ONE AT Providers CAN CHANGE THIS RISK.",ወሃብቲ ኣገልግሎት ዋጋ ዘለዎም ንብረታት ናብ ገዝኦም ክልእኹ ይደልዩ እዮም፣ ግን ገለ ንብረታት ኣብ ገዛእ ርእሶም ሓደጋን ብናይ ገዛእ ርእሶም ወጻኢን ክሕዙ ይኽእሉ እዮም፣ ከምኡ'ውን ኣብ ወሃብቲ ኣገልግሎት ዝኾነ ሰብ ነዚ ሓደጋ'ዚ ክቕይሮ ኣይክእልን እዩ።,medical
159,"Providers, including Providers' employees and agents, such as security, has the right to search any of your things on the premises, including purses and wallets, for the safety and welfare of its patients and visitors.",ወሃብቲ ኣገልግሎት፣ ንሰራሕተኛታትን ወከልትን ኣቕረብቲ ሓዊስካ፣ ከም ጸጥታ፣ ንውሕስነትን ድሕነትን ሕሙማቱን በጻሕቱን፣ ኣብቲ ቀጽሪ ዝርከብ ዝኾነ ይኹን ነገራትካ፣ እንተላይ ቦርሳን ዋሌትን፣ ናይ ምፍታሽ መሰል ኣለዎም።,medical
160,You can avoid having your things searched by leaving them at home or in a vehicle.,ኣብ ገዝኦም ወይ ኣብ መኪንኦም ብምግዳፍ ንብረቶም ካብ ምፍታሽ ከድሕኑ ይኽእሉ እዮም።,medical
161,"If Providers decides an item could be a threat to health or safety, Providers may provide for removal from the patient environment and appropriate storage.",ወሃብቲ ኣገልግሎት ሓደ ኣቕሓ ንሰብ ጥዕና ወይ ድሕነት ሓደገኛ ክኸውን ከምዝኽእል እንተድኣ ወሲኖም፣ ካብ ከባቢ ተሓካሚን ግቡእ መኽዘንን ክወጹን ብግቡእ ክሕከሙን ክገብሩ ይኽእሉ እዮም።,medical
162,REFERRALS:,ምምልካት፦,medical
163,Your provider may have referred you to an out of network provider for health care items or services.,ወሃቢ ኣገልግሎቶም ንኣቑሑት ክንክን ጥዕና ወይ ኣገልግሎታት ናብ ካብ መርበብ ወጻኢ ዝኾነ ኣቕራቢ ኣመልኪትዎም ክኸውን ይኽእል እዩ።,medical
164,An out of network provider is not bound by the payment provisions that apply to health care items or services rendered by a network provider under your health plan.,ካብ መርበብ ወጻኢ ዝኾነ ወሃቢ ኣገልግሎት በቲ ብመሰረት ውጥን ጥዕንኦም ብወሃቢ መርበብ ሓበሬታ ንዝወሃብ ኣቑሑት ክንክን ጥዕና ወይ ኣገልግሎታት ዝምልከት ናይ ክፍሊት ድንጋገታት ኣይቅየድን እዩ።,medical
165,You may contact your health plan before receiving health care items or services rendered by an out of network provider to obtain a list of network providers that may render the health care items or services and for additional assistance.,ቅድሚ ብሓደ ካብ መርበብ ወጻኢ ዝኾነ ወሃቢ ኣገልግሎት ክንክን ጥዕና ምቕባሎም ንመደብ ጥዕንኦም ክራኸቡ ይኽእሉ እዮም፣ ዝርዝር ናይቶም ነቲ ናይ ጥዕና ክንክን ኣቑሑት ወይ ኣገልግሎታት ክህቡ ዝኽእሉ ወሃብቲ መርበብ ንምርካብን ንተወሳኺ ሓገዝን።,medical
166,ESTIMATES:,ግምታት፦,medical
167,Patients can request an estimate for the cost of non-emergency medical services provided at Providers.,ተሓከምቲ ኣብ ወሃብቲ ኣገልግሎት ዝወሃብ ወጻኢታት ህጹጽ ዘይኮነ ሕክምናዊ ኣገልግሎታት ግምት ክሓቱ ይኽእሉ።,medical
168,"To request an estimate, an Estimates Team Member at 317.963.2541 or 833.722.6050 (toll free) or Estimates@IUHeaIth.org.",ግምት ንምሕታት፣ ሓደ ኣባል ጋንታ ግምታት ኣብ 317.963.2541 ወይ 833.722.6050 (ካብ ክፍሊት ነጻ) ወይ Estimates@IUHeaIth.org.,medical
169,Estimates@IUHeaIth.org,Estimates@IUHeaIth.org,medical
170,GENERAL CONSENT FOR PROFESSIONAL/CLINIC,ሓፈሻዊ ስምምዕ ንበዓል ሞያ/ክሊኒክ,medical
171,136652 (10/10/2023),136652 (10/10/2023),medical
172,Page 2 of 2,ገጽ 2 ካብ 2,medical
173,GENERAL FINANCIAL,ሓፈሻዊ ቁጠባዊ,medical
174,CONSENT,ስምምዕ,medical
175,Y-2,Y-2,medical
176,"All clients of Exodus Refugee Immigration, Inc. have the following rights:","ኩሎም ዓማዊል Exodus Refugee Immigration, Inc፣ እዞም ዝስዕቡ መሰላት ኣለውዎም፦",legal
177,"The right to self-determination in all your actions, including the right to consent to or refuse any services offered by Exodus","ንዓማዊል Exodus Refugee Immigration, Inc. ዝቐረቡ ኣብ ኩሎም ውሳነታቶም ብዓርሰ ፍቃድ ክውስኑ፣ ከምኡውን/ወይ ክዓ ፍቃዯኛታት ዝኾኑ መጣምርቶም ዘጠቐልል መሰል፤",legal
178,"Refugee Immigration, Inc. and/or their volunteer partners;",,legal
179,The right to be treated with respect in all interactions;  ,ኣብ ኩለ መዳይ ርክቦም ብኽብሪ ናይ ምትእንጋድ መሰል፤,legal
180,"The right to dignity, humane treatment and freedom from any form of abuse or exploitation; ",ክብሪ ናይ ምርካብ፣ ሰብኣዊ ርህራሄን ካብ ዝኾነ ይኹን ዓይነት መጥቃዕትን ወይ ብዝበዛ ናፃ ናይ መኻንን መሰላት ኣለዎም፤,legal
181,The right to privacy and confidentiality; ,ብሕቶም ኮይኖም ግዘ ናይ ምሕላፍን ምሽጥር ናይ ምዕቃብን መሰል፤,legal
182,The right to be provided with honest and truthful information; ,ቅኑዕን ሓቃውን ሓበሬታ ናይ ምርካብ መሰል፤,legal
183,"The right to access your personal information, including viewing your case file; ",ናይ ውልቂ ማህዯር  ናይ ምምልካትሓዊሱ፣ ግላዊ መረዳእታታት ናይ ምርካብ መሰል፤,legal
184,The right to have your identity and photo protected from public use without your signed consent;,ካብ ብፅሑፍ ዝቐረበ ናይ ስምምዕነት ውዕሊ ወፃኢ መንነትካን ምስልኻን ናብ ህዝቢ ንከይዝርጋሕ ናይ ምግባር መሰል፤,legal
185,The right to request to speak with a supervisor and/or file a grievance if you are unsatisfied with your services,ምስ መማኸሪኻ ናይ ምዝርራብ መሰል ከምኡ እውን/ወይ ድማ ብዝረኸብካዮ ግልጋሎት እንተዘይዓጊብካ ቅሬታ ናይ ምእታው መሰል,legal
186,"All volunteers and staff of Exodus Refugee Immigration, Inc. have the following rights:","ኩሎም ወለንተኛታትን ሰራሕተኛታት Exodus Refugee Immigration, Inc፣ እዞም ዝስዕቡ መሰላት ኣለውዎም፦",legal
187,The right to be treated with respect in all interactions; ,ኣብ ኩለ መዳይ ርክቦም ብኽብሪ ናይ ምትእንጋድ መሰል፤,legal
188,"The right to dignity, humane treatment and freedom from any form of abuse or exploitation; ",ክብሪ ናይ ምርካብ፣ ሰብኣዊ ርህራሄን ካብ ዝኾነ ይኹን ዓይነት መጥቃዕትን ወይ ብዝበዛ ናፃ ናይ መኻንን መሰላት ኣለዎም፤,legal
189,The right to be provided with honest and truthful information; ,ቅኑዕን ሓቃውን ሓበሬታ ናይ ምርካብ መሰል፤,legal
190,"If you feel your rights as a client of Exodus Refugee Immigration, Inc. have been violated, or if you are otherwise dissatisfied with your program participation, you may follow the following grievance procedure:","ከም  ዓማዊል ናይ Exodus Refugee Immigration, Inc መሰላትኩም ከም ዝተጣሕሰ እንተ ተሰሚዑኩም፣ ወይ ብኻልእ ኣገባብ ምስታፍኩም በቲ መደብ ዘይዕጉባት እንተ ኾይንኩም፣ ነዚ ዝስዕብ ናይ ጥርዓን መስርሕ ክትስዕቡ ትኽእሉ ኢኹም፦",legal
191,"Present the matter directly to a staff member either in person, in writing or by telephone.",ነቲ ጉዳይ ብቐጥታ ናብ ሓደ ሰራሕተኛ  ብኣካል፣ ብጽሑፍ ወይ ብተሌፎን ኣቕርብዎ።,legal
192,If comfortable discuss your concerns directly with the staff member involved in the grievance.,ምቹው   እንተኾይኑ ምስቲ  ኣብቲ ጥርዓን ዝሳተፍ ኣባል ሰራሕተኛታት ብቐጥታ ተዘራረቡ።,legal
193,"You may request an interpreter or provide an interpreter, as needed.",ከም ኣድላይነቱ፣  ተርጓሚ   ክትሓቱን ወይ ተርጓሚ  ክታቕርቡን ትኽእሉ ኢኹም።,legal
194,You may also request an alternative interpreter if you are uncomfortable with the assigned interpreter.,ምስቲ  ዝተመደበ ተርጓሚ  ምቾት እንተዘይብልኩም  ኣማራጺ ተርጓሚ   እውን ክትሓቱ ትኽእሉ ኢኹም።,legal
195,Contact the office director to discuss your experience. ,ተመኩሮኹም  ንምዝርራብ ምስ ሓላፊ ቤት ጽሕፈት ርክብ ግበሩ።,legal
196,"This may be done in person, in writing or by telephone.",እዚ ብኣካል፣ ብጽሑፍ ወይ ብተሌፎን ክግበር ይከኣል እዩ።,legal
197,You may request an interpreter or provide your own as needed.,ኣስተርጓሚ  ክትሓቱ ወይ ከከም ኣድላይነቱ  ናይ ባዕልኩም ኣስተርጓሚ  ከተቕርቡ ትኽእሉ ኢኹም።,legal
198,You have the right to request an alternative interpreter if you are uncomfortable with the assigned interpreter.,ምስ'ቲ ዝተመደበልኩም ኣስተርጓሚ  ምቾት እንተ ዘይብልኩም ካልእ ኣስተርጓሚ  ክትሓቱ መሰል ኣሎኩም።,legal
199,"If you are dissatisfied with the actions taken in response to your grievance, you have the right to contact the national headquarters of Church World Service to file a grievance. ",ንጥርዓንኩም  ምላሽ ንምሃብ  ብዝተወስደ ስጉምቲ ዘይዕጉባት እንተኾይንኩም፣ ጥርዓን ንምቕራብ ን ሃገራዊ ዋና ቤት ጽሕፈት ኣገልግሎት ቤተ ክርስቲያን ዓለም  ክትረኽብዎም መሰል ኣለኩም። ,legal
200,Contact information:,ናይ ርክብ ሓበሬታ፦,legal
201,"For individuals enrolled in Office of Refugee Resettlement (ORR) programs, if you are dissatisfied with the actions taken in response to your grievance, you also have the right to contact the Office of Refugee Resettlement (ORR):",ኣብ መደባት ቤት ጽሕፈት ዳግመ-ምጥያሽ ስደተኛታት (ORR) ንዝተመዝገቡ ውልቀሰባት፣ በቲ ንጥርዓንኩም  ምላሽ ንምሃብ ዝተወሰደ ስጉምቲ እንተዘዓጊብኩም፣ ምስ ቤት ጽሕፈት ዳግመ-ምጥያሽ ስደተኛታት (ORR) ናይ ምርካብ መሰል’ውን ኣለኩም፦,legal
202,Seattle Preschool Program 2025-26 Tuition Payment Guidelines,ፕሮግራም ቅድመ ትምህርቲ Seattle 2025-26 መምርሒ ክፍሊት ትምህርቲ,legal
203,Tuition Payment Policies,ፖሊሲታት ክፍሊት ትምህርቲ,legal
204,Tuition covers the 6-hours/day of SPP programming only; it does NOT cover childcare costs outside of regular school hours or scheduled school days.,ክፍሊት ትምህርቲ ን6 ሰዓታት/መዓልቲ ናይ SPP ፕሮግራም ጥራይ ዝሽፍን እዩ፤ ካብ ስሩዕ ናይ ትምህርቲ ሰዓታት ወይ ዝተመደበ ናይ ትምህርቲ መዓልታት ወጻኢ ንዝወጽእ ወጻኢታት ክንክን ህጻናት ኣይሽፍንን እዩ።,legal
205,Please see the sample schedule below for more details.,ንዝያዳ ዝርዝር ሓበሬታ ኣብ ታሕቲ ዘሎ ናሙና መደብ ርኣዩ።,legal
206,SPP billing will begin in October; families will not be billed SPP Tuition during September.,ናይ SPP ሕሳብ ምኽፋል ኣብ ወርሒ  ኦክቶበር ክጅምር እዩ፤ ስድራቤታት ኣብ ወርሒ ሴፕተምበር ናይ SPP ክፍሊት ኣይክኽፈሎምን እዩ።,legal
207,"Tuition will <1>not</1> be prorated due to regular student absences or typical agency closures (breaks, snow days).",ብሰንኪ ስሩዕ ምቁራጽ ተምሃሮ ወይ ልሙድ ,legal
208,,ምዕጻው ትካላት (ዕረፍቲ፣ መዓልታት በረድ) ክፍሊት ትምህርቲ <1>ኣይኮነን</1>ብመጠኑ ኣይክኸውንን እዩ።,legal
209,June tuition invoices will not be pro-rated regardless of start/exit dates.,ናይ ጁን ክፍሊት ትምህርቲ ኢንቮይስ ምጅማር/ምውጻእ መዓልታት ብዘየገድስ ምስትኽኻል ኣይግበርን እዩ።,legal
210,Further information about pro-rating can be found in the <1>Tuition Adjustments</1> section.,ተወሳኺ ሓበሬታ ብዛዕባ ምስትኽኻል  ኣብ <1>ምትዕርራይ ክፍሊት</1> ዝብል ክፍሊ ክትረኽቡ ትኽእሉ ኢኹም።,legal
211,Monthly tuition bills will be sent to the primary email on file beginning September 2025.,ወርሓዊ ክፍሊት ትምህርቲ ካብ ሴፕተምበር 2025 ዓ.ም ጀሚሩ ናብቲ ኣብ ፋይል ዘሎ ዋና ኢመይል ክለኣኽ እዩ::,legal
212,DEEL offers a 10% discount for each additional sibling enrolled in SPP.,DEEL ንነፍሲ ​​ወከፍ ኣብ SPP ዝተመዝገበ ተወሳኺ ሓው ወይ ሓፍቲ 10 ሚኢታዊ ቅናስ ይህብ።,legal
213,Billing Schedule,መደብ ሕሳብ ምኽፋል,legal
214,Invoice month,ወርሓዊ ኢንቮይስ ዝለኣኸሉ,legal
215,Sep,ሴፕቴምበር,legal
216,Oct,ኦክቶበር,legal
217,Nov,ኖቬምበር,legal
218,Dec,ዲሴምበር,legal
219,Jan,ጃኑዋሪ,legal
220,Feb,ፌብሯሪ,legal
221,Mar,ማርች,legal
222,Apr,ኤፕሪል,legal
223,May,ሜይ,legal
224,Jun,ጁን,legal
225,Cut-off Date to,ምቁራጽ ዕለት ናብ,legal
226,Report Changes,ለውጢታት ሪፖርት,legal
227,No Bills sent,ዝኾነ ሒሳብ ዝተላእከ የለን,legal
228,10/3/2025,10/3/2025,legal
229,11/3/2025,11/3/2025,legal
230,12/3/2025,12/3/2025,legal
231,1/3/2026,1/3/2026,legal
232,2/3/2026,2/3/2026,legal
233,3/3/2026,3/3/2026,legal
234,4/3/2026,4/3/2026,legal
235,5/3/2026,5/3/2026,legal
236,6/3/2026,6/3/2026,legal
237,Tuition Bills,ናይ ትምህርቲ ሒሳብ,legal
238,Emailed,ብኢመይል ዝተላእከ,legal
239,No Bills sent,ዝኾነ ሒሳብ ዝተላእከ የለን,legal
240,10/9/2025,10/9/2025,legal
241,11/12/2025,11/12/2025,legal
242,12/9/2025,12/9/2025,legal
243,1/9/2026,1/9/2026,legal
244,2/9/2026,2/9/2026,legal
245,3/9/2026,3/9/2026,legal
246,4/9/2026,4/9/2026,legal
247,5/11/2026,5/11/2026,legal
248,6/9/2026,6/9/2026,legal
249,Payment Due,ክፍሊት ዝኽፈለሉ,legal
250,Date,ዕለት,legal
251,No Bills sent,ዝኾነ ሒሳብ ዝተላእከ የለን,legal
252,10/24/2025,10/24/2025,legal
253,Nov-25,Nov-25,legal
254,12/24/2025,12/24/2025,legal
255,1/24/2026,1/24/2026,legal
256,2/24/2026,2/24/2026,legal
257,3/24/2026,3/24/2026,legal
258,4/24/2026,4/24/2026,legal
259,5/26/2026,5/26/2026,legal
260,6/24/2026,6/24/2026,legal
261,Tuition Adjustments,ምትዕርራይ ክፍሊት ትምህርቲ,legal
262,Changes to income or household size should be reported to the <1>SPP enrollment team</1> before the cut-off date (see above) to be included in that month’s billing cycle.,ኣብ ኣታዊ ወይ ቁጽሪ ስድራቤት ዝመጽእ ለውጢ፣ ቅድሚ’ቲ ናይ ምቁራጽ መዓልቲ (ኣብ ላዕሊ ርአዩ) ናብ <1>ጉጅለ ምዝገባ SPP</1> ክሕበር ኣለዎ፣ እዚ ድማ ኣብ ዑደት ሕሳብ ናይቲ ወርሒ ክካተት ኣለዎ።,legal
263,"Otherwise, all changes apply to the next month’s billing date.",እንተዘይኮይኑ፣ ኩሉ ለውጥታት ኣብ’ቲ ዝቕጽል ወርሒ ናይ ሕሳብ ዕለት ይምልከት።,legal
264,June tuition invoices will not be pro-rated regardless of start/exit dates.,ናይ ጁን ክፍሊት ትምህርቲ ኢንቮይስ ምጅማር/ምውጻእ መዓልታት ብዘየገድስ ምስትኽኻል ኣይግበርን እዩ።,legal
265,"For children entering or exiting mid-month between October – May, tuition will be prorated as follows:",ኣብ መንጎ ኦክቶበር –ሜይ ኣብ መፋርቕ ወርሒ ንዝኣትዉ ወይ ዝወጹ ህጻናት፣ ክፍሊት ትምህርቲ ብኸምዚ ዝስዕብ ብመጠን ይምዘን፦,legal
266,"Entering on or before the 15<1>th</1>, or exiting on or after the 15<2>th</2>, no change to tuition requirements",ድሕሪ 15<1>ይ</1> ምእታው ወይ ቅድሚ 15<2>ይ</2> ዝወጽእ ወርሓዊ ክፍሊት፣ ኣብ ናይ ትምህርቲ ክፍሊት ረቛሒታት ለውጢ የብሉን,legal
267,"Entering after the 15<1>th</1> or exiting before the 15<2>th</2>, monthly tuition will be reduced by 50%",ድሕሪ 15<1>ይ</1> ምእታው ወይ ቅድሚ 15<2>ይ</2> ዝወጽእ ወርሓዊ ክፍሊት ብ50 ሚኢታዊ ክቕንስ እዩ።,legal
268,Sample Schedule: Preschool Day and Payment Structure,ናሙና መደብ ስራሕ፣ መዓልቲ ቅድመ ትምህርቲን ስነ-ስርዓት ክፍሊትን።,legal
269,,,legal
270,*EXAMPLE*,*ኣብነት*,legal
271,7:00 am—9:00 am,,legal
272,,ካብ 7:00 ኤ.ኤም—9:00 ኤ.ኤም,legal
273,Before/Extended Care Hours,ቅድሚ/ዝተናውሐ ሰዓታት ክንክን,legal
274,*EXAMPLE*,*ኣብነት*,legal
275,9:00 am—3:00 pm,ካብ 9:00 ኤ.ኤም—3:00 ፒ.ኤም,legal
276,SPP School Hours,ናይ SPP ናይ ትምህርቲ ሰዓታት,legal
277,*EXAMPLE*,*ኣብነት*,legal
278,3:00 pm—6:00 pm,ካብ 3:00 ፒ.ኤም—6:00 ፒ.ኤም,legal
279,After/Extended Care Hours,ድሕሪ/ዝተናውሐ ናይ ክንክን ሰዓታት,legal
280,<1>Cost:</1>  Rates vary by Provider.,<1>ዋጋ፦</1> ዋጋታት ከከም ኣቕራቢ ይፈላለዩ።,legal
281,Please contact your child’s school to learn extended day cost.,ንዝተናውሐ ናይ መዓልቲ ወጻኢታት ንምፍላጥ በጃኹም ምስ ቤት ትምህርቲ ውላድኩም ተወከሱ።,legal
282,<1>Payment Method</1>: Payment paid directly to Provider.,<1>ኣገባብ ክፍሊት</1>፦ ክፍሊት ብቐጥታ ናብ ኣቕራቢ ይኽፈል።,legal
283,Typical payment methods include childcare subsidies and paying out of pocket.,ልሙዳት ኣገባባት ክፍሊት፣ ድጎማ ክንክን ህጻናትን ካብ ጁባኻ ምኽፋልን ይርከብዎም።,legal
284,<1>Cost:</1>  SPP tuition is determined on a sliding scale.,<1>ዋጋ፦</1> ትምህርቲ SPP ብስላይድ መጠን እዩ ዝውሰን።,legal
285,Payment Method<1>:</1>,ኣገባብ ክፍሊት<1>፦</1>,legal
286,Payment paid directly to the City of Seattle/SPP.,ክፍሊት ብቐጥታ ናብ ከተማ Seattle /SPP ዝኽፈል።,legal
287,Please see chart on page 2 to learn how to submit payment.,ክፍሊት ብኸመይ ከም እተቕርብ ንምፍላጥ ኣብ ገጽ  2 ዘሎ ሰንጠረዥ ርአዩ።,legal
288,<1>Cost:</1>  Rates vary by Provider.,<1>ዋጋ፦</1> ዋጋታት ከከም ኣቕራቢ ይፈላለዩ።,legal
289,Please contact your child’s school to learn extended day cost.,ንዝተናውሐ ናይ መዓልቲ ወጻኢታት ንምፍላጥ በጃኹም ምስ ቤት ትምህርቲ ውላድኩም ተወከሱ።,legal
290,<1>Payment Method</1>: Payment paid directly to Provider.,<1>ኣገባብ ክፍሊት</1>፦ ክፍሊት ብቐጥታ ናብ ኣቕራቢ ይኽፈል።,legal
291,Typical payment methods include childcare subsidies and paying out of pocket.,ልሙዳት ኣገባባት ክፍሊት ድጎማ ክንክን ህጻናትን ካብ ጁባኻ ምኽፋልን ይርከብዎም።,legal
292,"*Please note, this is a sample schedule.",*ኣስተውዕሉ፣ እዚ ናሙና መደብ እዩ።,legal
293,Actual hours of operation vary by individual provider and not all providers offer extended hours*,ጭቡጥ ናይ ስራሕ ሰዓታት ብውልቀ ወሃቢ ኣገልግሎት ይፈላለ እዩ ኩሎም ወሃብቲ ኣገልግሎት ድማ ዝተናውሐ ሰዓታት ኣይህቡን*,legal
294,Making Payments,ክፍሊት ምግባር,legal
295,Payments are due according to the billing schedule.,ክፍሊት ብመሰረት ናይ ሒሳብ መደብ ይኽፈል።,legal
296,See Payment Options for how/where to make payments.,ከመይ/ኣበይ ክፍሊት ከም እትገብር ኣብ ኣማራጺታት ክፍሊት ርአዩ።,legal
297,"When making payments over the phone or online, you will need your Customer ID and Invoice #.",ብተሌፎን ወይ ብኢንተርነት ክፍሊት ክትገብር ከለኹም፣ መለለዪ ዓሚልኩምን ፋክቱር #ን ከድልየኩም እዩ።,legal
298,Write “City of Seattle-SPP” on all checks or money orders.,ኣብ ኩሉ ቸክ ወይ ገንዘብ ትእዛዝ“City of Seattle-SPP” ዝብል ጽሑፍ ጽሓፉ ። ,legal
299,Payment Options,ናይ ክፍሊት ኣማራጺታት,legal
300,Contact Information / Address,ርክብ ሓበሬታ / ኣድራሻ,legal
301,Payment Types,ዓይነታት ክፍሊት,legal
302,Online,ኦንላይን,legal
303,(Preferred method), (ዝምረጽ ኣገባብ),legal
304,The portal is available here:  <1>Lookup Account Details (billerpayments.com)</1>,እቲ ፖርታል ኣብዚ ኣሎ፦ <1>ዝርዝር ሕሳብ ምድላይ (billerpayments.com)</1>,legal
305,Need the Customer ID and Invoice #,ናይ ዓሚል መለለዪ መንነትን ፋክቱርን የድሊ #,legal
306,"If the invoice is <1>under $3000,</1> both credit card and bank account are accepted.",እቲ ፋክቱር <1>ትሕቲ 3000 ዶላር እንተኾይኑ፣</1> ክልቲኦም ክረዲት ካርድን ባንክ ሕሳብን ተቐባልነት ኣለዎም።,legal
307,"If the invoice is <1>over $3000, only a bank account</1> can be used.",እቲ ፋክቱር <1>ልዕሊ 3000 ዶላር እንተኾይኑ ናይ ባንክ ሕሳብ</1> ጥራይ እዩ ክጥቀም ዝኽእል።,legal
308,Mail,ፖስታ,legal
309,(Preferred method),(ዝምረጽ ኣገባብ),legal
310,City of Seattle - SPP,ከተማ Seattle – SPP,legal
311,Treasury Dept Accts Receivable PO Box 94626,Treasury Dept Accts ቅብሊት ፖስታ ሳጹን 94626,legal
312,"Seattle, WA 98124-6926",Seattle፣ WA 98124-6965,legal
313,Check or Money Order,ቸክ ወይ ገንዘብ ትዕዛዝ,legal
314,Write “City of Seattle-SPP” on all checks or money orders.,ኣብ ኩሉ ቸክ ወይ ገንዘብ ትዕዛዝ “City of Seattle-SPP” ዝብል ጽሑፍ ጽሓፉ።,legal
315,Phone,ተሌፎን,legal
316,(Only when the online payment portal is not available),(እቲ ናይ ኦንላይን ክፍሊት ፖርታል ኣብ ዘይህልወሉ እዋን ጥራይ),legal
317,City Payment Line:,መስመር ክፍሊት ከተማ፦,legal
318,(206) 684-7800,(206) 684-7800,legal
319,Hours: 8:30 am to 3:00 pm,ሰዓታት፦ 8:30 ኤ.ኤም to 3:00 ፒ.ኤም ,legal
320,VISA/Mastercard (3-digit security code is required),ቪዛ/ማስተርካርድ (3 ኣሃዝ ዘለዎ ናይ ምስጢር ኮድ የድሊ),legal
321,Need the Customer ID and Invoice #.,ናይ ዓሚል መለለዪን ፋክቱርን የድሊ #።,legal
322,In-Person,ብኣካል,legal
323,Seattle Municipal Tower,Seattle Municipal Tower,legal
324,4<1>th</1> Floor Payment/Information Desk Seattle Municipal Tower,4<1>ይ</1> ደርቢ ክፍሊት/ሓበሬታ ዴስክ Seattle Municipal Tower,legal
325,700 5<1>th</1> Avenue,700 5<1>ይ</1> Avenue,legal
326,"Seattle, WA 98104",Seattle፣ WA 98104,legal
327,Hours: 8:30 am – 4:00 pm,ሰዓታት፦ 8:30 ኤ.ኤም – 4:00 ፒ.ኤም,legal
328,"VISA/Mastercard, Cash, Check",ቪዛ/ማስተርካርድ፣ ጥረ ገንዘብ፣ ቸክ,legal
329,Customer Service Centers <1>http://www.seattle.gov/customer-</1> <2>service-centers</2>,ማእከላት ኣገልግሎት ዓማዊል <1>http://www.seattle.gov/customer-</1> <2>ማእከላት-ኣገልግሎት</2>,legal
330,"VISA/Mastercard, Cash, Check",ቪዛ/ማስተርካርድ፣ ጥረ ገንዘብ፣ ቸክ,legal
331,Proof of Payment – For Information Purposes Only,መርትዖ ክፍሊት – ንሓበሬታ ጥራይ,legal
332,"As a courtesy, SPP will mail tuition history statements twice a year, in February and July",ከም ስነ-ስርዓት፣ SPP ኣብ ዓመት ክልተ ግዜ፣ ማለት ኣብ ወርሒ ፌብሯሪ ን  ጁላይ ን፣ መግለጺታት ታሪኽ ትምህርቲ ብፖስታ ክልእኽ እዩ።,legal
333,"For additional payment summaries, please send an email request to: <1>SPPbilling@seattle.gov</1>",ንተወሳኺ ጽማቕ ክፍሊት፣ በጃኹም ናብዚ ዝስዕብ ኢመይል ሕቶ ስደዱ፦ <1>SPPbilling@seattle.gov</1>,legal
334,Contact Us,ርኸቡና,legal
335,Billing Questions Email: <1>SPPBilling@seattle.gov</1>,ሕቶታት ሕሳብ ኢመይል፦ <1>SPPBilling@seattle.gov</1>,legal
336,Billing Questions Phone: 206-684-5660,ሕቶታት ሕሳብ ስልኪ፦ 206-684-5660,legal
337,Hours: 8:00 am – 4:00 pm,ሰዓታት፦ 8:00 ኤ.ኤም – 4:00 ፒ.ኤም,legal
338,Seattle Preschool Program Frequently Asked Questions,መደብ ቅድመ ትምህርቲ Seattle ብተደጋጋሚ ዝሕተቱ ሕቶታት,legal
339,When is my payment due?,ክፍሊተይ መዓስ እዩ ዝኽፈል?,legal
340,Payments are due according to the Billing Schedule above or on the date listed on the invoice.,ክፍሊት ብመሰረት ኣብ ላዕሊ ዘሎ ናይ ሕሳብ መደብ ወይ ኣብቲ ፋክቱር ዝተዘርዘረ ዕለት ይኽፈል።,legal
341,,,legal
342,Where do I receive my monthly tuition bills?,ወርሓዊ ክፍሊት ትምህርተይ ኣበይ እየ ዝረኽቦ?,legal
343,,,legal
344,You will receive invoices via email from the City of Seattle from <1>info@seattle.gov</1> on the emailed date.,ኣብቲ ብኢመይል ዝተላእከሉ ዕለት ካብ ከተማ Seattle ካብ <1>info@seattle.gov</1> ብኢመይል ፋክቱራት ክትረኽቡ ኢኹም።,legal
345,"If you do not receive an invoice on that date, please check your SPAM folder.",ኣብታ ዕለት እቲኣ ኢንቮይስ እንተዘይተቐቢልኩም፣ በጃኹም SPAM ፎልደርኩም መርምሩ።,legal
346,Be sure to add “<1>info@seattle.gov</1>” as a Safe Sender (or mark as not SPAM) to ensure you receive emails.,ኢመይላት ከም ዝተቐበልኩም ንምርግጋጽ “<1>info@seattle.gov</1>” ከም ውሑስ ላኣኺ (ወይ ስፓም ከም ዘይኮነ ምልክት) ምውሳኽካ ኣረጋግጹ።,legal
347,Why are you billing me the full monthly amount for June?,ስለምንታይ ኢኹም ናይ ጁን ምሉእ ወርሓዊ ገንዘብ ትሓቱለይ ዘለኹም?,legal
348,"All SPP providers offer a required minimum days of service, so tuition is split into a monthly cost that remains the same each month regardless of the number of days a program operates in a given month.",ኩሎም ወሃብቲ SPP ዘድሊ ዝተሓተ መዓልታት ኣገልግሎት ይህቡ፣ ስለዚ ክፍሊት ትምህርቲ ኣብ ወርሓዊ ወጻኢታት ይምቀል፣ እዚ ድማ ኣብ ነፍሲ ወከፍ ወርሒ ሓደ ዓይነት ኮይኑ ይጸንሕ ብዘየገድስ ሓደ ፕሮግራም ኣብ ዝተዋህበ ወርሒ ዝሰርሓሉ መዓልታት ብዘየገድስ።,legal
349,,,legal
350,What if I am late or can’t make my payment on time?,ደንጉየ ወይ’ውን ክፍሊተይ ኣብ ግዚኡ ክገብር እንተዘይክኢለ’ኸ?,legal
351,Please notify the billing office if you have experienced a change in your family’s financial circumstances and are unable to make a payment.,ኣብ ፋይናንሳዊ ኩነታት ስድራቤትኩም ለውጢ እንተ ኣጋጢሙኩምን ክፍሊት ክትገብሩ እንተዘይክኢልኩምን በጃኹም ንቤት ጽሕፈት ሕሳብ ኣፍልጡ።,legal
352,,,legal
353,"In some cases, you may be eligible for a tuition reduction.",ኣብ ገለ ገለ ኣጋጣሚታት፣ ምጉዳል ክፍሊት ትምህርቲ ብቑዕ ክትከውን ትኽእሉ ኢኹም።,legal
354,,,legal
355,We may also be able to set up a payment plan.,ናይ ክፍሊት ውጥን እውን ክንሰርዕ ንኽእል ንኸውን።,legal
356,,,legal
357,Please contact <1><2>SPPBilling@seattle.gov</2>.</1>,በጃኹም <1><2>SPPBilling@seattle.gov</2>.</1> ተወከሱ,legal
358,,,legal
359,Do you offer online payment options?,ብኦንላይን ናይ ክፍሊት ኣማራጺታት ትህቡ ዶ?,legal
360,,,legal
361,"Yes, we are happy to offer an online payment option.",እወ፣ ብኦንላይን ናይ ክፍሊት ኣማራጺ ምቕራብና ሕጉሳት ኢና።,legal
362,,,legal
363,"To access online payment, you will need your invoice and customer number.",ብኦንላይን ክፍሊት ንምርካብ፣ ኢንቮይስ ቁጽሪ ዓሚልኩምን ከድልየኩም እዩ።,legal
364,,,legal
365,"If you don’t have these numbers, please contact SPP billing by email at <1>sppbilling@seattle.gov</1> or (206) 684-5660.",እዞም ቁጽርታት እንተዘይብልኩም፣ በጃኹም ን SPP billing ብኢመይል <1>sppbilling@seattle.gov</1> ወይ (206) 684-5660 ተወከሱ።,legal
366,,,legal
367,The portal is available here:  <1>Lookup Account Details (billerpayments.com)</1>.,እቲ ፖርታል ኣብዚ ኣሎ፦,legal
368,, <1>ዝርዝር ሕሳብ ምድላይ (billerpayments.com)</1>።,legal
369,,,legal
370,"Please note that, if the invoice is under $3000, both credit card and bank account are accepted.",በጃኹም ኣስተውዕሉ፣ እቲ ኢንቮይስ ትሕቲ 3000 ዶላር እንተኾይኑ፣ ክልቲኡ ናይ ክረዲት ካርድን ናይ ባንኪ ሕሳብን ተቐባልነት ኣለዎ።,legal
371,,,legal
372,Exodus Refugee Immigration Gleaners2Go Program,ናይ Exodus ስደተኛታት ኢሚግሬሽን መደብ Gleaners2Go,legal
373,Schedule,ናይ ግዘ ሰሌዳ,legal
374,Distribution day: Wednesdays 1 – 3 PM,መዓልቲ ምክፍፋል፣ ረቡዕ ካብ ሰዓት 1 – 3 ድሕሪ ቀትሪ,legal
375,You can place an order starting at 12:30 PM on Fridays and ending at 11:30 AM on Mondays the week of the distribution.,ዓርቢ ካብ ሰዓት 12፡30 ድሕሪ ቀትሪ ጀሚሩ ኣብ ሰሙን ምክፍፋል ሶኒ ድማ ሰዓት 11፡30 ቅድሚ ቀትሪ ትእዛዝ ክትህቡ ትኽእሉ ኢኹም።,legal
376,*Please note you will not see any pickup times for your location until your ordering window opens each week.,*ኣብ ነፍሲ ወከፍ ሰሙን መስኮት ትእዛዝኩም ክሳብ ዝኽፈት ንኣቀማምጣኹም ዝኾነ ናይ ምውሳድ ግዜ ከምዘይትርእዩ በጃኹም ኣስተውዕሉ።,legal
377,Ordering Window Opens,መስኮት ምእዛዝ ይኽፈት,legal
378,Ordering Window Closes,መስኮት ምእዛዝ ይዕጾ,legal
379,Order Pickup Day,መዓልቲ ምውሳድ ትእዛዝ,legal
380,Fridays,ኩሉ ግዘ ዓርቢ,legal
381,12:30 PM,12፡30 ድሕሪ ቀትሪ,legal
382,Mondays,ኩሉ ግዘ ሰኑይ,legal
383,11:30 AM,11፡30 ቅድሚ ቀትሪ,legal
384,Wednesdays,ኩሉ ግዘ ረቡዕ,legal
385,1 – 3 PM,1 – 3 ድሕሪ ቀትሪ,legal
386,How to place your first order,ከመይ ጌርና ናይ መጀመርታ ትእዛዝኩም ንገብር,legal
387,You will get an email from OrderAhead with a link to place an order.,ካብ OrderAhead ትእዛዝ ንምሃብ ዝሕግዝ ሊንክ ዘለዎ ኢመይል ክመጸኩም እዩ።,legal
388,This is the website we use for Gleaners2Go orders.,እዚ ንናይ Gleaners2Go ትእዛዝ እንጥቀመሉ መርበብ ሓበሬታ እዩ።,legal
389,Please check your Spam folder if you don’t see it in your inbox.,ኣብ ሳጹን መልአኽትኹም እንተዘይርኢኹምዎ በጃኹም ስፓም ፎልደርኩም መርምሩ።,legal
390,"If you’re not able to find the email at all, please reach out to your site coordinator for help.",ነቲ ኢመይል ፈጺምኩም ክትረኽብዎ እንተዘይክኢልኩም፣ በጃኹም ሓገዝ ንምርካብ ናብ ኣተሓባባሪ መርበብ ሓበሬታኹም ርኸቡ።,legal
391,"Once you click the link, you’ll be taken to the OrderAhead website.",ነቲ ሊንክ ምስ ጠወቕክሞ፣ ናብ መርበብ ሓበሬታ OrderAhead ክትውሰዱ ኢኹም።,legal
392,"On the website, select the Exodus Refugee Immigration location and choose a Pickup Time.",ኣብቲ መርበብ ሓበሬታ፣ ናይ Exodus ስደተኛ ኢሚግረሽን ቦታ ምረጹ ከምኡ'ውን ናይ ምውሳድ ግዜ ምረጹ።,legal
393,Browse through the items and click “Add to Cart” on the items you would like for your first order.,ኣብቲ ኣቑሑት ዳህሲስካ ኣብቲ ንመጀመርታ ትእዛዝካ እትደልዮ ኣቑሑት “Add to Cart” ዝብል ጠውቑ።,legal
394,Click “Checkout Now”.,“Checkout Now” ዝብል ጠውቑ።,legal
395,The next page will show all of your items and the weight of the order.,እቲ ዝቕጽል ገጽ ኩሉ ኣቑሑትኩምን ክብደት ናይቲ ትእዛዝን ከርኢ እዩ።,legal
396,Please make a note of the weight of your order so you’re prepared to transport these items on your pickup day.,በጃኹም ክብደት ትእዛዝኩም ኣስተብህሉ፣ ነዞም ኣቑሑት ኣብ መዓልቲ ምውሳድኩም ንምጉዕዓዝ ድሉዋት ክትኮኑ።,legal
397,Click “Checkout”.,“Checkout” ዝብል ጠውቑ።,legal
398,"On the next page, you will be prompted to Login.",ኣብ ዝቕጽል ገጽ ድማ Login ክትገብሩ ትሕተቱ።,legal
399,Click “Sign up” and create your account.,“Sign up” ዝብል ጠውቑ እሞ ሕሳብኩም ፍጠሩ።,legal
400,Please write down your password to make sure you can login to your account in the future.,ኣብ መጻኢ ናብ ኣካውንትኩም ክትኣትዉ ከም እትኽእሉ ንምርግጋጽ ፓስዎርድኩም ጽሓፉ።,legal
401,Answer the food situation and demographic questions,ኩነታት መግብን ዲሞግራፊካዊ ሕቶታትን መልሱ,legal
402,"After placing your order, you will get a confirmation email from OrderAhead with the details of your order.",ትእዛዝኩም ምስ ገበርኩም፣ ካብ OrderAhead ዝርዝር ትእዛዝኩም ዝሓዘ ናይ ምርግጋጽ ኢመይል ክመጸኩም እዩ።,legal
403,Ordering FAQs,FAQs ምእዛዝ,legal
404,"If the website says “No Pickup Times Available” for your location when the ordering window is open, this means that all the order slots are full.",እቲ መርበብ ሓበሬታ መስኮት ምእዛዝ ክፉት ከሎ ንኣቀማምጣኹም “No Pickup Times Available” እንተ ኢሉ፣ እዚ ማለት ኩሎም ናይ ትእዛዝ ቦታታት መሊኦም ኣለዉ ማለት እዩ።,legal
405,"If using a phone to place an order and the menu items don’t show properly, try turning the phone sideways to expand the screen.",ትእዛዝ ንምሃብ ስልኪ ትጥቀሙ እንተኾይንኩምን እቶም ናይ ዝርዝር ነገራት ብግቡእ እንተዘይተራእዮምን፣ ስክሪን ንምስፋሕ ነታ ስልኪ ንጐድኒ ክተዝርዋ ፈትኑ።,legal
406,"If the problem persists, please contact your site coordinator.",እቲ ጸገም እንተቐጺሉ፣ በጃኹም ምስ ኣተሓባባሪ መርበብ ሓበሬታኹም ተወከሱ።,legal
407,A 500-error code can occur if the order windows fill up while you’re in the process of ordering.,ኣብ መስርሕ ትእዛዝ ኣብ ዘለኹምሉ እዋን፣ መስኮታት ትእዛዝ እንተመሊኡ፣ 500-ስሕተት ዘለዎ ኮድ ክኽሰት ይኽእል።,legal
408,The only solution for this is to try placing the order again from the beginning.,ናይዚ እንኮ መፍትሒ ካብ መጀመርታ ነቲ ትእዛዝ ዳግማይ ክትህቦ ምፍታን እዩ።,legal
409,Page,ገጽ,legal
410,0x010100D079513C4BEDCD45AB057760E2B3FFB5,0x010100D079513C4BEDCD45AB057760E2B3FFB5,legal
411,R&P Case Closure Letter,ናይ R&P ጉዳይ ናይ ምዕጻው ደብዳቤ,legal
412,Date:,ዕለት፦,legal
413,Case Number:,ቁጽሪ ጉዳይ፦,legal
414,Dear:,ክቡር፦,legal
415,{t1}This letter is to inform you that you and the participating members of your family have completed the Reception and Placement (R&P) Program at Exodus Refugee Immigration - Indianapolis.,{t1}እዚ ደብዳቤ እዚ ንስኻን ተሳተፍቲ ኣባላት ስድራቤትካን ኣብ Exodus Refugee Immigration - Indianapolis  ምቕባልን ምምዳብን (R&P) Program ከም ዝወዳእኩም ንምሕባር እዩ።,legal
416,As of {/t1}{u1}08/05/24{/u1}{t2} for the following reason: {/t2},ካብ {/t1}{u1}12/11/16{/u1}{t2} ብዝስዕብ ምኽንያት፦ {/t2},legal
417,Out-Migration,Out-Migration,legal
418,Cash-Based R&P (Pre or Post-Arrival Cash-Based),Cash-Based R&P (Pre or Post-Arrival Cash-Based),legal
419,Refusal of R&P Program services,ናይ R&P Program ኣገልግሎታት ምኽልካል,legal
420,Completion of R&P Program service period,ምዝዛም ናይ R&P Program ናይ ኣገልግሎት ግዜ,legal
421,Other: ___________________________________,ካልእ፦ ___________________________________,legal
422,You and participating members of your family received the following R&P Program services from Exodus Refugee- Indianapolis:,ንስኻን ተሳተፍቲ ኣባላት ስድራቤትካን ካብ Exodus Refugee- Indianapolis እዞም ዝስዕቡ ናይ R&P Program ኣገልግሎታት ተቐቢልኩም ኣለኹም፦,legal
423,"Application for Public Benefits (SNAP, Medicaid, RMA, etc.)","መመልከቲ ህዝባዊ ጥቕምታት (SNAP, Medicaid, RMA, ወዘተ)",legal
424,Application for Cash Assistance (Refugee Cash Assistance or TANF),ናይ ገንዘብ ሓገዝ መመልከቲ (ናይ ስደተኛታት ናይ ገንዘብ ሓገዝ ወይ TANF),legal
425,Assistance to enroll in the Matching Grant (MG) program.,ኣብ ፕሮግራም Matching Grant (MG) ንምምዝጋብ ዝግበር ሓገዝ።,legal
426,Assistance to enroll in Employment programming.,ኣብ መደብ ስራሕ ንምምዝጋብ ዝግበር ሓገዝ።,legal
427,Assistance to enroll in English Language Training,ኣብ ስልጠና ቋንቋ እንግሊዝ ንምምዝጋብ ዝግበር ሓገዝ,legal
428,Enrollment in school for school-age children,ኣብ ዕድመ ትምህርቲ ንዝርከቡ ህጻናት ኣብ ቤት ትምህርቲ ምዝገባ,legal
429,Cultural Orientation,ባህላዊ ኣንፈት,legal
430,Assistance to complete the refugee health screening.,ናይ ስደተኛታት ናይ ጥዕና ምርመራ ንምፍጻም ሓገዝ ምግባር።,legal
431,Assistance to receive a Social Security Card(s),ማሕበራዊ ድሕነት ካርዲ(ታት) ንምርካብ ዝግበር ሓገዝ,legal
432,Assistance to receive an Employment Authorization Document(s),ናይ ስራሕ ፍቓድ ሰነድ(ታት) ንምርካብ ዝግበር ሓገዝ,legal
433,Other: WIC/ SSI / Family Reunification,ካልእ፦ WIC/ SSI / Family Reunification,legal
434,{t1}Services from the Office of Refugee Resettlement (ORR) will continue to be available to you for up to {/t1}{b1}five years{/b1}{t2} from the date of your arrival to the United States.,{t1}ካብ Office of Refugee Resettlement (ORR) ዝመጽእ ኣገልግሎት ክሳብ {/t1}{b1}ሓሙሽተ ዓመት{/b1}{t2} ካብታ ናብ ሕቡራት መንግስታት ኣመሪካ ዝመጻእካላ ዕለት ጀሚሩ ክቕጽል እዩ።,legal
435,You can access these services at resettlement agencies or approved service providers closest to you.,ነዞም ኣገልግሎታት ኣብቶም ዝቐረቡኻ ናይ ዳግመ-ምጥያስ ትካላት ወይ ፍቓድ ዘለዎም ወሃብቲ ኣገልግሎት ክትረኽቦም ትኽእል ኢኻ።,legal
436,"For more information, please visit ORR’s website at {/t2}{a1}https://www.acf.hhs.gov//orr/programs/refugees{/a1}",ንተወሳኺ ሓበሬታ፣በጃኻኣብ ናይ ORR ድሕረ-ገጽ {/t2}{a1}https://www.acf.hhs.gov//orr/programs/refugees ተወከስ{/a1} ,legal
437,{b1}Preferred Communities{/b1}{t1} (PC):,{b1}Preferred Communities{/b1}{t1} (PC)፦,legal
438,"The PC program supports refugees and ORR-eligible populations with challenging needs that require special attention, including those with serious medical conditions, women at risk and elderly refugees.{/t1}",እቲ ፕሮግራም PC ንስደተኛታትን ንORR ብቑዓት ዝኾኑ ህዝብን ፍሉይ ቆላሕታ ዝሓትት በዳሂ ድሌታት ዘለዎምን ይድግፍ፣ እዚ ድማ ነቶም ከቢድ ሕክምናዊ ኩነታት ዘለዎም፣ ኣብ ሓደጋ ዝርከቡ ደቂ ኣንስትዮን ኣረጋውያን ስደተኛታትን ይርከብዎም።{/t1},legal
439,{b1}Refugee Support Services{/b1}{t1} (RSS):,{b1}Refugee Support Services{/b1}{t1} (RSS)፦,legal
440,"Refugee Support Services funding helps refugees and other ORR populations gain economic independence by heling them find and maintain employment, preferably within a year of being enrolled in the program.{/t1}",ምወላ Refugee Support Services ንስደተኛታትን ካልኦት ህዝብታት ORRን ስራሕ ንኽረኽቡን ንኽዕቅቡን ብምሕጋዝ ቁጠባዊ ናጽነት ንኽረኽቡ ይሕግዞም፣ እንተተኻኢሉ ኣብቲ መደብ ካብ ዝተመዝገቡ ኣብ ውሽጢ ሓደ ዓመት።{/t1},legal
441,{b1}PUBLIC ASSISTANCE:{/b1}{t1},{b1}PUBLIC ASSISTANCE፦{/b1}{t1},legal
442,"You and your family members may also receive public benefits, as eligible.",ከም ብቑዓትመጠን፣ንስኻን ኣባላት ስድራቤትካን እውን ህዝባዊ ሓገዛት ክትረኽቡ ትኽእሉ ኢኹም።,legal
443,"If are receiving public benefit, you are required to report to FSSA/DFR of any household circumstance changes within 10 days.",ህዝባዊ ረብሓ ትረኽቡ እንተኾይንኩም፣ ዝኾነ ናይ ገዛ ኩነታት ለውጢ ኣብ ውሽጢ 10 መዓልታት ናብ FSSA/DFR ክትሕብሩ ትግደዱ።,legal
444,This is FSSA/DFR contact number.,እዚ ናይ FSSA/DFR መራኸቢ ቁጽሪ እዩ።,legal
445,1800-403-0864.{/t1},1800-403-0864።{/t1},legal
446,"{b1}TRAVEL LOAN:{/b1}{t1} As a reminder, refugees and SIVs are responsible to make payments towards their IOM Transportation Loan until the loan is paid in full.",{b1}TRAVEL LOAN፦{/b1}{t1} ከም መዘኻኸሪ፣ ስደተኛታትን SIVsን ክሳብ እቲ ልቓሕ ምሉእ ብምሉእ ዝኽፈል ናብ ናይ IOM Transportation Loan ገጾም ክፍሊት ክገብሩ ሓላፍነት ኣለዎም።,legal
447,You will receive a notification letter within five to six months of your date of arrival to begin making payments.,ክፍሊት ንምጅማር ካብ ዝመጻእካሉ ዕለት ጀሚሩ ኣብ ውሽጢ ሓሙሽተ ክሳብ ሽዱሽተ ኣዋርሕ ናይ ሓበሬታ ደብዳበ ክመጸካ እዩ።,legal
448,"IOM Transportation Loan payments can be completed online, or payments can be mailed to the following addresses:{/t1}",ክፍሊት IOM Transportation Loan ብመርበብ ሓበሬታ ክዛዘም ይኽእል፣ ወይ ድማ ክፍሊት ናብዞም ዝስዕቡ ኣድራሻታት ብፖስታ ክለኣኽ ይኽእል፦{/t1},legal
449,Church World Service/IRP+,Church World Service/IRP+,legal
450,"475 Riverside Dr. STE 700 New York, NY 10115",475 Riverside Dr. STE 700 New York፣ NY 10115,legal
451,"For more information on repaying your IOM Travel Loan, please see below:",ንተወሳኺ ሓበሬታ ብዛዕባናትካ ምምላስ IOM Travel Loan፣ ኣብ ታሕቲ ርአ፦,legal
452,{t1}IOM Transportation Loan: {/t1}{a1}{a2}https://usr{/a2}{f1/}{a3}a{/a3}{f2/}{a4}p.iom.int/travel-loans{/a4}{/a1},{t1}IOM Transportation Loan፦ {/t1}{a1}{a2}https://usr{/a2}{f1/}{a3}a{/a3}{f2/}{a4}p.iom.int/travel-loans{/a4}{/a1},legal
453,CWS Travel Loan Department:,CWS Travel Loan Department፦,legal
454,{t1}Payments:{/t1} {a1}https://cwsglobal.org/our-work/north-america/travel-loan-services/{/a1},{t1}ክፍሊት፦{/t1} {a1}https://cwsglobal.org/our-work/north-america/travel-loan-services/{/a1},legal
455,"{t1}Phone: 1-866-723-9579 | Email: {/t1}{a1}travelloans@cwsglobal.org,{/a1}",{t1}ቴሌፎን፦ 1-866-723-9579 | ኢመይል፦ {/t1}{a1}travelloans@cwsglobal.org፣{/a1},legal
456,{b1}STATUS ADJUSTMENT:{/b1}{t1},{b1}STATUS ADJUSTMENT፦{/b1}{t1},legal
457,Please remember you will need to adjust your status with United States Citizenship and Immigration Services (USCIS) one year after your date of arrival to obtain Permanent Residency in the United States.,በጃኹም ኣብ ኣሜሪካ ቀዋሚ መንበሪ ንምርካብ ድሕሪ ሓደ ዓመት ካብ ዝመጻእኩምሉ ዕለት ምስ ኣገልግሎት ዜግነትን ኢሚግሬሽንን ሕቡራት መንግስታት ኣመሪካ (USCIS) ኩነታትኩም ከተመዓራርዩ ከምዘድልየኩም ኣይትረስዑ።,legal
458,"If you require assistance to adjust your status or other legal immigration services, please contact Exodus Refugee- Indianapolis (317-921-0836).",ኩነታትካ ወይ ካልእ ሕጋዊ ኣገልግሎት ኢሚግሬሽን ንምትዕርራይ ሓገዝ ምስ እትደሊ፣ በጃኻ ንExodus Refugee- Indianapolis (317-921-0836) ተወከስ።,legal
459,"It is very important that you adjust your status to that of legal permanent resident (green card) in a timely manner, failure to do so may cause delays to other immigration benefits including family reunification.  {/t1}",ኩነታትካ ምስ ናይ ሕጋዊ ቀዋሚ ነባሪ (ግሪን ካርድ) ኣብ እዋኑ ከተመዓራርዮ ኣዝዩ ኣገዳሲ እዩ፣ ከምኡ ዘይምግባርካ ንኻልኦት ናይ ኢሚግሬሽን ሓገዛት ሓዊሱ ምጥርናፍ ስድራቤት ምድንጓይ ከስዕብ ይኽእል። {/t1},legal
460,"{t1}Prior to adjusting status to Permanent Residency, refugees are unable to travel outside the United States and re-enter with refugee status.",{t1}ቅድሚ ኩነታት ናብ ቀዋሚ መንበሪ ምትዕርራይ፣ ስደተኛታት ካብ ኣሜሪካ ወጻኢ ክጓዓዙን ደረጃ ስደተኛ ሒዞም ዳግማይ ክኣትዉን ኣይክእሉን እዮም።,legal
461,"If you must travel {/t1}{f1/}{t2}for{/t2}{f2/}{t3} an emergency, please contact the Exodus legal team to speak to them about your options.  {/t3}",ንህጹጽ ኩነታት {/t1}{f1/}{t2}ን{/t2}{f2/}{t3} ክትገይሽ እንተድኣ ኣለካ፡ በጃኻ ምስ ናይ Exodus ሕጋዊ ጉጅለ ተራኸብ ብዛዕባ ኣማራጺታትካ ክትዛረቦም። {/t3},legal
462,{b1}FAMILY REUNIFICATION:{/b1}{t1},{b1}FAMILY REUNIFICATION፦{/b1}{t1},legal
463,"Exodus Refugee - Indianapolis may be able to provide family reunification support to your family members, as eligible.",Exodus Refugee - Indianapolis ከም ብቑዓት፣ንኣባላት ስድራቤትካ ናይ ምጥርናፍ ስድራቤት ደገፍ ክትህብ ትኽእል ትኸውን ።,legal
464,Please contact 317-921-0836 if you have questions on family reunification eligibility and application completion. {/t1},ብዛዕባ ብቑዕነት ምጥርናፍ ስድራቤትን ምምላእ መመልከቲን ሕቶታት ምስ ዝህልወኩም ብቑጽሪ ስልኪ 317-921-0836 ተወከሱ። {/t1},legal
465,{b1}CHANGE OF ADDRESS:,{b1}ናይ ኣድራሻ ለውጢ፦,legal
466,"{/b1}{t1}If you and your family decide to move to a new address, please remember to complete the following: {/t1}",{/b1}{t1}ንስኻን ስድራቤትካን ናብ ሓድሽ ኣድራሻ ክትግዕዙ እንተ ወሲንኩም፣ ነዞም ዝስዕቡ ክትመልኡ ኣይትረስዑ፦ {/t1},legal
467,Complete and submit an AR-11 form to USCIS,ቕጥዒ AR-11 ናብ USCIS ምምላእን ምርካብን,legal
468,Complete and submit a change of address form with the U.S.,ናይ ኣድራሻለውጢ ካብ ኣሜሪካምምላእን ምርካብን።,legal
469,Postal Service (USPS),Postal Service (USPS),legal
470,"{t1}Complete and submit a change of address with the Selective Service Registry, as eligible, at {/t1}{a1}https://www.sss.gov/verify/update-info/{/a1}",{t1}ናይ ኣድራሻ ለውጢ ንምምላእን ኣብ Selective Service Registry ከም ብቑዕ ንምቕራብን፣ኣብ {/t1}{a1}https://www.sss.gov/verify/update-info/ ተወከሱ{/a1},legal
471,Contact the CWS Travel Loan Department to update your address.,ኣድራሻኹም ንምሕዳስ ምስ Travel Loan Department CWS ተወከሱ።,legal
472,Contact the local welfare office to cancel active public benefits.,ንጡፍ ህዝባዊ ረብሓታት ንምእላይ ምስ ናይ ከባቢኻ ማሕበራዊ ቤት ጽሕፈት ርክብ ግበር።,legal
473,{b1}SELECTIVE SERVICE REGISTRATION:{/b1}{t1},{b1}SELECTIVE SERVICE REGISTRATION፦{/b1}{t1},legal
474,All males between the ages of 18 and 25 are required to register with the Selective Service.,ኩሎም ካብ 18 ክሳብ 25 ዓመት ዝዕድሚኦም ደቂ ተባዕትዮ ኣብ Selective Service ክምዝገቡ ይግደዱ።,legal
475,"Failure to register, may result in denial of U.S. citizenship, federal loans, employment and job training.",ዘይምምዝጋብ፣ ዜግነት ኣሜሪካ፣ ፈደራላዊ ልቓሕ፣ ስራሕን ስልጠናን ክኽልከል ይኽእል እዩ።,legal
476,"All U.S. male citizens, including non-citizens living the U.S., are required to register with Selective Service upon turning 18 years old.",ኩሎም ደቂ ተባዕትዮ ዜጋታት ኣሜሪካ፣ እንተላይ ኣብ ኣሜሪካ ዝነብሩ ዜጋታትዘይኮኑ፣ ዕድሚኦም 18 ዓመት ምስ መልኡ ኣብ Selective Service ክምዝገቡ ይግደዱ።,legal
477,Please visit {/t1}{a1}https://www.sss.gov/register/who-needs-to-register/{/a1}{t2} for more information on completing Selective Service Registration. {/t2},በጃኹም ብዛዕባ ምምዝጋብ Selective Service ተወሳኺ ሓበሬታ ንምርካብ {/t1}{a1}https://www.sss.gov/register/who-needs-to-register/{/a1}{t2} ተወከስ። {/t2},legal
478,It was a pleasure to serve you during the R&P Program and we wish you a successful resettlement journey.,ኣብቲ ናይ R&P Program ንዓኹም ምግልጋል ባህ ዘብል እዩ ነይሩ፣ ኣብ ዳግመ ሰፈራኹም ድማ ዕዉት ጉዕዞ ይግበረልኩም ንብል።,legal
479,"Sincerely,",ብኽብሪ፣,legal
480,Case Manager,ሓላፊ ጉዳይ,legal
481,"Exodus Refugee Immigration, Inc.",Exodus Refugee Immigration፣ Inc.,legal
482,2457 E.,2457 E.,legal
483,"Washington Street, Suite A, Indianapolis, IN 46201",Washington Street፣ Suite A፣ Indianapolis፣ IN 46201,legal
484,Office: 317-921-0836,ቤት-ፅሕፈት፦ 317-921-0836,legal
485,0x010100EDFC0C4030F74D41BCD9B3D0988C5AD6,0x010100EDFC0C4030F74D41BCD9B3D0988C5AD6,legal
486,Updated 1.21.2025,ብ1.21.2025 ዝተመሓየሸ,legal
487,Immigration Legal Resources,Immigration Legal Resources (ናይ ኢሚግሬሽን ሕጋዊ ረድኤት),legal
488,<1>ACLU of Massachusetts:</1> For questions about your constitutional rights,<1>ናይ Massachusetts ACLU፦</1> ብዛዕባ ሕገ መንግስታዊ መሰላትኩም ዝምልከት ሕቶታት,legal
489,Call 617-482-3170,ናብ 617-482-3170 ደውሉ,legal
490,Website: <1>Seek Legal Assistance | ACLU Massachusetts</1>,መርበብ ሓበሬታ፦ ናይ ሕጊ ሓገዝ <1>ናይ ሕጊ ሓገዝ ንምርካብ | ACLU Massachusetts</1>,legal
491,Cambridge DeNovo Legal Screening Clinic,Cambridge DeNovo Legal Screening Clinic (Cambridge DeNovo ምስ ሕጊ ዝተተሓሓዘ ኣገልግሎት ምኽሪ ዝወሃበሉ ክሊኒክ),legal
492,Call 617-405-5479 and leave your name and contact number,ስምኩምን ርክብ ሓበሬታኹምን ናብ 617-405-5479 ብምድዋል ግደፉ,legal
493,You will receive a call from a volunteer immigration attorney within a month,ኣብ ውሽጢ ሓደ ወርሒ ካብ ሓደ ካብቶም ወለንታዊ ኣገልግሎት ዝህቡ ዘለዉ ጠበቓታት ኢሚግሬሽን ስልኪ ክድወለኩም እዩ,legal
494,Catholic Charities Immigrant Services,Catholic Charities Immigrant Services (ካቶሊካዊ ግብረ ሰናይ ኣገልግሎት ስደተኛታት),legal
495,Call 617-464-8100,ናብ 617-464-8100 ደውሉ,legal
496,Website: <1>https://www.ccab.org/refugee-immigrant-services/</1>,መርበብ ሓበሬታ፦ <1>https://www.ccab.org/refugee-immigrant-services/</1>,legal
497,<1>Committee for Public Counsel Services:</1> legal representation for those unable to afford an attorney in all matters in which the law requires the appointment of counsel,<1>Committee for Public Counsel Services (ኮሚቴ ኣገልግሎት ተጣበቕቲ ህዝቢ)፦</1> ኣብ ቅድሚ ሕጊ ጠበቓ ዘድልዮም ግን ከኣ ናይ ጠበቓ ክፍሊት ክኸፍሉ ዘይክእሉ ውልቀ ሰባት ሕጋዊ ጠበቓ ዝህብ,legal
498,Call 617-482-6212,ናብ 617-482-6212 ደውሉ,legal
499,Website: <1>Committee for Public Counsel Services</1>,መርበብ ሓበሬታ፦ <1>Committee for Public Counsel Services</1>,legal
500,Greater Boston Legal Services,Greater Boston Legal Services (ናይ Greater Boston ወሃብቲ ኣገልግሎት ሕጊ),legal
501,Call 617-371-1234,ናብ 617-371-1234 ደውሉ,legal
502,Website: <1>https://www.gbls.org/get-legal-help </1>,መርበብ ሓበሬታ፦ <1>https://www.gbls.org/get-legal-help</1>,legal
503,<1>Kids In Need of Defense (KIND):</1> Represents kids under age 17.5 years,<1>Kids In Need of Defense (KIND፣ ሕጋዊ ሓገዝ ንዝደልዩ ህጻናት)፦</1> ትሕቲ 17.5 ዓመት ዝዕድሚኦም ህጻናት ዝውክል,legal
504,Call: 617-207-4138,ናብ፦ 617-207-4138 ደውሉ,legal
505,Website: <1>https://supportkind.org/ </1>,መርበብ ሓበሬታ፦ <1>https://supportkind.org/ </1>,legal
506,<1>Lawyers for Civil Rights (LCR) Immigrant Defense Hotline: </1>legal advice for immigrants facing imminent threats related to immigration enforcement,<1>Lawyers for Civil Rights (LCR) Immigrant Defense Hotline (ናይ ሰብኣዊ መሰላት ስደተኛታት ተጣባቒ ኣገልግሎት ቁጽሪ ተሌፎን)፦ </1>ምስ ምትግባር ኢሚግሬሽን ዝተኣሳሰር ህጹጽ ሕጋዊ ብድሆታት ንዘጋጥሞም ስደተኛታት ሕጋዊ ምኽሪ ዝህብ,legal
507,Call 617-988-0606 and leave a message,ናብ 617-988-0606 ደውሉ ከምኡ’ውን መልአክቲ ኣቐምጡ,legal
508,You will get call back the same day,ኣብታ መዓልቲ እቲኣ መሊስና ኽንድውለልኩም ኢና,legal
509,Website: <1>Immigrant Rights</1>,መርበብ ሓበሬታ፦ <1>መሰላት ስደተኛ</1>,legal
510,MA Immigrant and Refugee Advocacy Coalition (MIRA),MA Immigrant and Refugee Advocacy Coalition (MIRA፣ MA ጥምረት ተጣበቕቲ ስደተኛታት),legal
511,Website: <1>Know your rights - MIRA Coalition</1>,መርበብ ሓበሬታ፦ <1>መሰላትኩም ፍለጡ- MIRA Coalition</1>,legal
512,<1>PAIR Project:</1> Helps with detained immigration cases and asylum,<1>PAIR Project፦</1> ኣብ ጉዳይ ኢሚግሬሽንን ናይ ዑቕባ ማእሰርትን ዙርያ ሓገዝ ይህብ,legal
513,Call 617-742-9296,ናብ 617-742-9296 ደውሉ,legal
514,Website: <1>Get Help – PAIR Project</1>,መርበብ ሓበሬታ፦ <1>ሓገዝ ይርከቡ - PAIR Project</1>,legal
515,<1>Project Citizenship:</1> For assistance with applying for citizenship,<1>Project Citizenship፦</1> ኣብ ናይ ዜግነት መመልከቲ ዙርያ ሓገዝ ንምርካብ,legal
516,Call 617-694-5949,ናብ 617-694-5949 ደውሉ,legal
517,Website: <1>Citizenship Services</1>,መርበብ ሓበሬታ፦ <1>ኣገልግሎት ዜግነት</1>,legal
518,"<1>RIAN Immigrant Center:</1>  legal consultations over the phone to ask questions, receive advice, and learn what immigration options are available",<1>RIAN Immigrant Center (ማእከል ስደተኛታት)፦</1> ሕቶታት ንምሕታት፣ ምኽሪ ንምቕባልን ብዛዕባ ዝርከቡ ኣማራጺታት ኢሚግሬሽን ንምፍላጥን ብተሌፎን ሕጋዊ ምኽሪ ዝህብ ኣማኻሪ ሕጊ,legal
519,Call 617-542-7654,ናብ 617-542-7654 ደውሉ,legal
520,Website: <1>Immigration Legal Services - Rian Immigrant Center</1>,መርበብ ሓበሬታ፦ <1>ኣገልግሎት ሕጊ ኢሚግሬሽን - Rian Immigrant Center</1>,legal
521,<1>Massachusetts </1>Office of the Attorney General<2>: </2><3>Immigration resources/ Civil Rights</3>,<1>Massachusetts </1>Office of the Attorney General (ናይ Massachusetts ቤት ጽሕፈት ዋና ዓቃቢ ሕጊ)<2>፦ </2><3>ሓበሬታ ኢሚግሬሽን/ሰብኣዊ መሰላት</3>,legal
522,To report the unauthorized practice of law/immigration fraud call <1>617</1>-<2>963-2917</2>,ፍቓድ ዘይብሉ ሕጋዊ ኣገልግሎት/ምጭብርባር ኢሚግሬሽን ሪፖርት ንምግባር ናብ <1>617</1>-<2>963-2917</2> ደውሉ,legal
523,To report a hate crime<1> call </1>1-800-994-3228,ናይ ጽልኢ ገበን ሪፖርት ንምግባር ናብ 1-800-994-3228<1> ደውሉ</1>,legal
524,"<1>To report </1>bias-motivated threats, harassment or violence submit a report at <2>Multilingual Combatting Hate PSAs | Mass.gov</2>",ኣብ ጽልኢ ወይ ጽልኢ ዝተመርኮሰ ምፍርራሕ፣ ምግፋዕ ወይ መጥቃዕቲ <1>ሪፖርት ንምግባር ናብ </1><2>Multilingual Combatting Hate PSAs | Mass.gov</2> መርበብ ሓበሬታ ይኺዱ,legal
525,Legal Services Directory in Massachusetts:,Legal Services Directory in Massachusetts (ኣብ Massachusetts ውሽጢ ዝርከቡ ናይ ሕጊ ኣገልግሎት ኣቕረብቲ መወከሲ)፦,legal
526,Massachusetts Legal Resource Finder: <1>https://masslrf.org/en/home </1>,Massachusetts Legal Resource Finder (ናይ Massachusetts ሕጋዊ ሓበሬታ መርከቢ)፦ <1>https://masslrf.org/en/home </1>,legal
527,Immigration court list of legal services: <1>https://www.justice.gov/eoir/file/ProBonoMA/download </1>,ዝርዝር ሕጋዊ ኣገልግሎት ቤት ፍርዲ ኢሚግሬሽን፦ <1>https://www.justice.gov/eoir/file/ProBonoMA/download </1>,legal
528,City of Boston free consultations: <1>City of Boston Immigration Clinic | Massachusetts Legal Resource Finder</1>,ናይ Boston ምምሕዳር ከተማ ነጻ ናይ ምኽሪ ኣገልግሎት፦ <1>City of Boston Immigration Clinic | Massachusetts Legal Resource Finder</1>,legal
529,Legal Services Directory Outside of Massachusetts:,ካብ Massachusetts ወጻኢ ዝርከቡ ወሃብቲ ሕጋዊ ኣገልግሎት መወከሲ፦,legal
530,Immigration Advocates Network Legal Directory: <1>National Immigration Legal Services Directory</1>,Immigration Advocates Network Legal Directory (ሕጋዊ መወከሲ ናይ ስደተኛታት ተጣበቕቲ ጉጅለ)፦ <1>National Immigration Legal Services Directory (ሃገራዊ ናይ ኢሚግሬሽን ናይ ሕጋዊ ኣገልግሎት ወሃብቲ መወከሲ)</1>,legal
531,Immigration Legal Resources Handout,ናይ ኢሚግሬሽን ሕጊ ሓገዝ መወከሲ ወረቐት,legal
532,Make your voice matter in Seattle's elections,ድምጽኹም ኣብ መረጻ Seattle ከም ዝስማዕ ኣረጋግጹ,legal
533,Democracy Vouchers are a way for Seattle residents to make financial contributions to candidates they support in Seattle City elections.,ዲሞክራሲ ቫውቸር ነበርቲ Seattle ኣብ መረጻ ከተማ Seattle ንዝድግፍዎም ሕጹያት ገንዘባዊ ኣበርክቶ ዝገብሩሉ መንገዲ እዩ።,legal
534,"The program is funded by a voter-approved property tax, costing the average property owner about $8 per year.<1><2>",እዚ መደብ ብመራጽቲ ብዝጸደቐ ግብሪ ንብረት ዝምወል ኮይኑ፣ ነፍሲ ወከፍ ወናኒ ንብረት ኣብ ዓመት ኣስታት 8 ዶላር ኣብዚ መደብ የውጽእ።<1><2>,legal
535,<1>What is a Democracy Voucher?</1><2>The City of Seattle provides Democracy Vouchers to residents.,<1>ቫውቸር ዲሞክራሲ እንታይ እዩ?</1><2>ዲሞክራሲ ቫውቸር ንነበርቲ ብቤት ምኽሪ ከተማ Seattle ይወሃብ።,legal
536,Democracy Vouchers are certificates valued at $25 each that Seattle residents use to donate to local campaigns.,ዲሞክራሲ ቫውቸራት ነፍሲ ወከፎም 25 ዶላር ዝዋግኡ ምስክር ወረቐት ኮይኖም፣ ነበርቲ Seattle ንናይ ከባቢ መረጻ ጎስጓሳት ገንዘብ ንምውፋይ ክጥቀሙሉ ይኽእሉ።,legal
537,<1>Why use Democracy Vouchers?</1><2>Your participation makes an impact.,<1>ንምንታይ ኢና ናይ ዲሞክራሲ ቫውቸር ንጥቀም?</1><2>ተሳትፎኹም ለውጢ የምጽእ እዩ።,legal
538,The Democracy Voucher Program has helped to increase and diversify the number of Seattle residents who are able to donate to campaigns and run for office.,ፕሮግራም ቫውቸር ዲሞክራሲ ቁጽርን ብዙሕነትን ነበርቲ Seattle ንጎስጓስ መረጻ ገንዘብ ከወፍዩን ንቤት ጽሕፈት ክወዳደሩን ዝኽእሉ ንኽዓቢ ሓጊዙ እዩ።,legal
539,Which candidates can receive Democracy Vouchers?,ኣየኖት ሕጹያት እዮም ናይ ዲሞክራሲ ቫውቸር ክረኽቡ ዝኽእሉ?,legal
540,"<1>Only participating candidates running for City Council, City Attorney, or Mayor in Seattle can accept your vouchers to support their campaigns.",<1>ኣብ Seattle ንCity Council፣ City Attorney ወይ Mayor ዝወዳደሩ ሕጹያት ጥራይ እዮም ንወፍሪኦም ንምድጋፍ ቫውቸርኩም ክቕበሉ ዝኽእሉ።,legal
541,How do I learn about the candidates?,ብዛዕባ እቶም ሕጹያት ብኸመይ ክፈልጥ ይኽእል?,legal
542,<1>Find a participating candidate on the <2>participating candidates page</2>.,<1>ናብ <2>ናይ ተሳታፍቲ ሕጹያት ገጽ</2> ተሳተፍቲ ሕጹያት ብምእታው ርኸብዎም።,legal
543,Read their <1>Candidate Introductions</1> to learn more about the candidates.,ስለ ሕጹያት ተወሳኺ ሓበሬታ ንምፍላጥ <1>ናይ ሕጹያት መፋለጢታት</1> ያንብቡ።,legal
544,<1>When is the next City of Seattle election?</1><2>The next City of Seattle election is in 2025.,<1>ዝቕጽል ምርጫ ምምሕዳር ከተማ Seattle መዓስ እዩ?</1><2>ዝቕጽል መረጻ ምምሕዳር ከተማ Seattle ኣብ 2025 ዓ.ም ይካየድ።,legal
545,"Democracy Vouchers can be used from the time you receive them through November 29, 2025.",እቶም ናይ ዲሞክራሲ ቫውቸራት ካብታ ዝረኸብኩምሉ ዕለት ጀሚርኩም ክሳብ 29 ኖቬምበር 2025 ክትጥቀሙ ትኽእሉ ኢኹም።,legal
546,You can get Democracy Vouchers if you are:,እዞም ዝስዕቡ ረቛሒታት ምስ እተማልኡ ዲሞክራሲ ቫውቸር ክትቅበሉ ትኽእሉ ኢኹም፤,legal
547,"A Seattle resident,",ናይ Seattle ነባሪ ምዃን፣,legal
548,"At least 18 years of age, and",እንተወሓደ ዕድሜኹም 18 ዓመት ክኸውን ኣለዎን,legal
549,"A U.S. citizen, U.S. national, or lawful permanent resident.",ናይ U.S. ዜጋ፣ ናይ U.S. ናሽናል ወይ ሕጋዊ ቀዋሚ ነባሪ (ግሪን ካርድ ዝሓዙ) ምዃን።,legal
550,You do not have to be a registered voter to receive Democracy Vouchers.,ናይ ዲሞክራሲ ቫውቸር ንምርካብ ግድን ምዝጉብ መራጺ ክትከውን ትጽቢት ኣይግበረልኩምን።,legal
551,"If you meet the criteria listed above, you may apply to receive vouchers.",ኣብ ላዕሊ ተዘርዚሮም ዘለዉ ረቛሒታት እንተ ኣማሊእኩም፣ ንቫውቸር ከተመልክቱ ትኽእሉ ኢኹም።,legal
552,"If you have any questions, please call <1>(206) 727-8855</1>.",ዝኾነ ዓይነት ሕቶ ምስ ዝህልወኩም በጃኹም ናብ <1>(206) 727-8855</1>ደውሉ።,legal
553,Free language interpretation service is available.,ብነጻ ዝቐርብ ናይ ቋንቋ ትርጉም ኣገልግሎት ምርካብ ይከኣል።,legal
554,You may download or print these materials to share with your community.,ነዞም ናውቲታት እዚኦም ኣውሪድኩም ንማሕበረሰብኩም ከተካፍሉዎም ወይ’ውን ክትሓትምዎም ትኽእሉ ኢኹም።,legal
555,Democracy Voucher Application,ናይ ዲሞክራሲ ቫውቸር መመልከቲ,legal
556,Resident Brochure,ናይ ነባሪ ብሮሹር,legal
557,Resident Flyer,ናይ ነባሪ በራሪ ወረቐት,legal
558,Candidate Flyer,ናይ ሕጹይ በራሪ ወረቐት,legal
559,DVP Poster,ናይ DVP ፖስተር,legal
560,Replacement Request Form,ናይ መተካእታ ሕቶ ቅጥዒ,legal
561,Top 10 Questions and Answers About Service Animals,ብዛዕባ ኣገልግሎት ዝህቡ እንስሳታት ዝምልከቱ 10 ቐንዲ ሕቶታትን መልስታትን,legal
562,What is a service animal?,ኣገልግሎት ዝህብ እንስሳ እንታይ እዩ?,legal
563,"A service animal does work, or performs tasks, or provides medically necessary support for a person with a disability.",ኣገልግሎት ዝህብ እንስሳ፣ ስራሕ ዚዓዪ፣ ዝተወሰኑ ዕማማት ዝፍጽም ወይ ከኣ ንሓደ ስንኩል ሰብ ሕክምናዊ ሓገዝ ዚህብ እንስሳ እዩ።,legal
564,Is a service animal a pet?,ኣገልግሎት ዝህብ እንስሳ ከም እንስሳ ዘቤት ድዩ?,legal
565,No. A service animal the definition of service animal is broad.,ኣይኮነን። ትርጉም ናይ ኣገልግሎት ዝህብ እንስሳ ሰፊሕ እዩ።,legal
566,"Do service animals include therapy, emotional support, and companion animals?",እቶም ኣገልግሎት ዝህቡ እንስሳታት ምድብ ቴራፒ፣ ስምዒታዊ ደገፍን ምቹኡነት ዝህቡ እንስሳታትን የጠቓልል ድዩ?,legal
567,Yes.,እወ።,legal
568,"In Seattle, a service animal can include therapy, emotional support, and companion animals.",ኣብ Seattle ዝርከብ ምድብ ኣገልግሎት ዝህቡ እንስሳታት፣ ቴራፒ፣ ስምዒታዊ ደገፍ፣ ከምኡ’ውን እንስሳ ዘቤትን ምቹኡነት ዝህቡ እንስሳታትን የጠቓልል።,legal
569,Is a service animal required to have visible or special identification or certification?,ሓደ ኣገልግሎት ዝህብ እንስሳ ብንጹር ዝርአ ወይ ፍሉይ መለለዪ ወይ ምስክር ወረቐት ክህልዎ ኣድላዪ ድዩ?,legal
570,"No. While some animals wear a vest or special identification, it is not required in Seattle.",ኣየድልን። ገለ ኣገልግሎት ዝህቡ እንስሳታት መዕቆቢ ኣኽላባት ወይ ፍሉይ መለለዪ ምልክት ይሕዙ፣ እዚ ግን ኣብ Seattle ግዴታ ኣይኮነን።,legal
571,Can a service animal be any breed or size?,ኣገልግሎት ዝህብ እንስሳ ዝኾነ ዓይነት ናይ እንሰሳ ዓሌት ወይ ዓቐን ዘለዎ ክኸውን ይኽእል ድዩ?,legal
572,Yes.,እወ።,legal
573,"If the service animal is a dog, it may be any breed or size.",እቲ ኣገልግሎት ዝህብ እንስሳ ከልቢ እንተኾይኑ፣ እቲ ከልቢ ዝኾነ ዓሌት ወይ ዓቐን ክኸውን ይኽእል።,legal
574,Who is responsible for a service animal’s care and supervision?,ኣገልግሎት ዝህብ እንስሳ ናይ ክንክንን ምክትታልን ሓላፍነት ዝወስድ መን እዩ?,legal
575,The service animal owner must have control of their service animal and is responsible for any damages caused by the service animal.,ወናኒ ናይቲ ኣገልግሎት ዝህብ እንስሳ ነቲ ናይ ኣገልግሎት እንስሳ ክቆጻጸሮን በቲ ናይ ኣገልግሎት እንስሳ ንዝበጽሖ ዝኾነ ይኹን ጉድኣት ሓላፍነት ክወስድን ኣለዎ።,legal
576,May I have more than one service animal?,ካብ ሓደ ንላዕሊ ኣገልግሎት ዝህብ እንስሳ ክህልወኒ ይኽእል ድዩ?,legal
577,Yes.,እወ።,legal
578,A person may need more than one service animal for each disability-related need.,ሓደ ውልቀሰብ ንነፍሲ ​​ወከፍ ምስ ዝነብረሉ ስንክልና ኣገልግሎታት ክህቦ ዝኽእል ካብ ሓደ ንላዕሊ እንስሳ ክህልዎ ይኽእል።,legal
579,Can a housing provider charge pet deposits or pet fees for my service animal?,ሓደ ወሃቢ መንበሪ ገዛ (ኣካራዪ) ንኣገልግሎተይ እንስሳታት ተቐማጢ ገንዘብ ወይ ናይ እንስሳ ዘቤት ክፍሊት ክኸፍል ክሓተኒ ይኽእል ድዩ?,legal
580,How about a general cleaning fee or damage deposit?,ንሓፈሻዊ ኣገልግሎት ጽሬት ወይ ንጉድኣት ተቐማጢ ገንዘብ ክኸፍል ክሕተት ይኽእል ድዩ?,legal
581,No. A housing provider cannot charge pet deposits or pet fees for a service animal.,ኣይክእልን። ሓደ ወሃቢ መንበሪ ገዛ (ኣካራዪ) ንሓደ ኣገልግሎት ዝህብ እንስሳ ተቐማጢ ገንዘብ ወይ ናይ እንስሳ ዘቤት ክፍሊት ክትከፍል ክጠልበካ ኣይክእልን እዩ።,legal
582,"Can a housing provider, employer, or a business ask me for details about my disability?",ሓደ ወሃቢ መንበሪ ገዛ (ኣካራዪ)፣ ሰራሕተኛ ወይ ንግዲ ብዛዕባ ስንክልናይ ሕቶታት ክሓተኒ ይኽእል ድዩ?,legal
583,"No. They can ask, “Is this a service animal?”","ኣይክእልን። ""እዚ እንስሳ ኣገልግሎት ዝህብ እንስሳ ድዩ?"" ዝብል ሕቶ ግን ከተቕርቡ ትኽእሉ ኢኹም።",legal
584,"If the answer is yes, they can ask, “Does the animal perform work, a task, or is medically necessary for your disability?”","መልሶም እወ እንተኾይኑ፣ ""ኣገልግሎት ዝህብ እንስሳ ስራሕ ዝፍጽም፣ ዝተወሰኑ ዕማማት ዝፍጽም፣ ወይ ንስንክልናኹም ብሕክምናዊ ኣድላዪ ደገፍ ዝህብ እንስሳ ድዩ?"" ኢልኹም ክትሓቱ ትኽእሉ ኢኹም።",legal
585,"Can a housing provider, employer, or a business ask me for verification of my disability-related need for a service animal?",ሓደ ወሃቢ መንበሪ ገዛ (ኣካራዪ)፣ ሰራሕተኛ ወይ ንግዲ፣ ስለምንታይ ናይ ኣገልግሎት እንስሳ ከምዘድልየኒ፣ ናይ ስንክልና መርትዖ ከቕርብ ክሓተኒ ይኽእል ድዩ?,legal
586,Yes and no. Housing providers and employers may ask for proof of a disability-related need for a service animal from a provider like a doctor.,እወን ኣይኮነንን። ወሃብቲ ኣባይቲ (ኣካረይቲ ገዛ)ን ሰራሕተኛታትን ካብ ሓኪም ወይ ካልእ ትካል ክንክን ጥዕና መርትዖ ክሓቱ ይኽእሉ እዮም፣ እዚ ድማ ስለምንታይ ስንክልናኹም ብዝምልከት ናይ ኣገልግሎት እንስሳ ከምዘድልየኩም ዘርኢ እዩ።,legal
587,A business can only ask the questions listed above.,ሓደ ናይ ንግዲ ስራሕ ትካል፣ ክሓቶም ዝኽእል ሕቶታት እዞም ኣብ ላዕሊ እተጠቕሱ ጥራይ እዮም።,legal
588,Document Name: Service Date/Time: Result Status: Performed By:,ስም ሰነድ፦ ኣገልግሎት ዕለት/ሰዓት፦ ኩነታት ውጽኢት፦ ዝተፈጸመ ብ፦,legal
589,Results Callback Letter 9/20/2024 10:58 EDT,ውጽኢት ናይ ምምላስ ደብዳቤ 9/20/2024 10:58 EDT,legal
590,Auth (Verified),ደራሲ (ተረጋገጹ),legal
591,"Spurlock, Deanna L, RN (9/20/2024 10:58 EDT)",Spurlock፣ Deanna L፣ RN (9/20/2024 10:58 EDT),legal
592,Indiana University Health,Indiana University Health,legal
593,20-Sep-24,ሴብተምበር 20፣ 2024,legal
594,Kudsan Brhane,Kudsan Brhane,legal
595,869 WOODCROSS CT,869 WOODCROSS CT,legal
596,"AVON, IN 461238162",AVON፣ IN 461238162,legal
597,Dear Kudsan Brhane,ዝኸበርኪ Kudsan Brhane,legal
598,"Edmund Gomez, M.D.",Edmund Gomez፣ M.D.,legal
599,"Marwan Saleh, M.D.",Marwan Saleh፣ M.D.,legal
600,"Blair Dina, M.D.",Blair Dina፣ M.D.,legal
601,Danielle Beaver D.O.,Danielle Beaver D.O.,legal
602,Tiffany Fan M.D,Tiffany Fan M.D,legal
603,Michael Mondheim M.D.,Michael Mondheim M.D.,legal
604,"Melissa Dzikowski, N.P.",Melissa Dzikowski፣ N.P.,legal
605,"Christine Pankau, N.P.",Christine Pankau፣ N.P.,legal
606,IUHP West Women's Health,IUHP West Women's Health,legal
607,"1115 North Ronald Reagan Parkway, Suite 266 Avon, Indiana 46123",1115 North Ronald Reagan Parkway፣ Suite 266 Avon፣ Indiana 46123,legal
608,Telephone: (317) 217-2500 Fax:,ቴሌፎን፦ (317) 217-2500 ፋክስ፦,legal
609,(317) 222-2124,(317) 222-2124,legal
610,Thank you for choosing IU Health Physicians.,ንIU Health Physicians ብምምራጽኩም ነመስግነኩም።,legal
611,We value our partnership with you to ensure your best health.,ምሳኻትኩም ዘለና ሽርክነት ዝበለጸ ጥዕናኹም ንምርግጋጽ ዋጋ ንህቦ።,legal
612,We have been unable to reach you by phone to discuss your recent test results and need for repeat lab testing requested by your OB/Gyn provider.,ኣብ ቀረባ እዋን ዝረኸብኩሞ ውጽኢት መርመራን ብወሃቢ OB/Gyn ዝተሓተተ ተደጋጋሚ መርመራ ላብራቶሪ ከምዘድሊ ንምዝታይ ብተሌፎን ክንረኽበኩም ኣይከኣልናን።,legal
613,"We have attempted to contact you by telephone, unfortunately, we have not yet been successful.",ብተሌፎን ክንረኽበኩም ፈቲንና ኣለና፣ ሕማቕ ኣጋጣሚ ኮይኑ ገና ኣይተዓወትናን።,legal
614,We understand how busy you must be and we greatly value your time.,ክሳብ ክንደይ ትሑዝ ክትከውን ከም ዘለኩም ንርዳእ ኢና፣ ንግዜኹም ድማ ኣዚና ዋጋ ንህቦ።,legal
615,"Please feel free to contact our office at (317) 217-2500, Monday through Friday from 8:00am to 4:30pm.",ንቤት ጽሕፈትና ብስልኪ ቁጽሪ (317) 217-2500፡ ካብ ሰኑይ ክሳብ ዓርቢ ካብ ሰዓት 8፡00 ቅድሚ ቀትሪ ክሳብ ሰዓት 4፡30 ድሕሪ ቀትሪ ክትረኽብዎ ትኽእሉ ኢኹም።,legal
616,"If you have received this letter and have already spoken with us, please accept our apology.",እዚ ደብዳቤ በጺሑኩምን ድሮ ምሳና ተዘራሪብኩምን እንተሃልዩኩም፣ በጃኹም ይቕሬታና ተቐበሉ።,legal
617,"On behalf of the staff at IU Health Physicians Women's Health West, thank you for trusting us with your care.",ብስም ሰራሕተኛታት IU Health Physicians Women's Health West፣ ክንክን ጥዕናኹም ንዓና ብምትእምማንኩም ነመስግነኩም።,legal
618,It is our pleasure to serve you.,ከነገልግለኩም ባህታና እዩ።,legal
619,Women's West Ob/Gyn team,ጋንታ  Women's West Ob/Gyn,legal
620,"Sincerely,",ብልቢ፣,legal
621,9/20/2024 10:59,9/20/2024 10:59,legal
622,EDT,EDT,legal
623,Hourly Wage Employee Agreement,ናይ ሰዓት ደሞዝ ሰራሕተኛ ስምምዕ,legal
624,Including a notice detailing employment terms pursuant to the law governing,ብመሰረት እቲ ዝገዝእ ሕጊ ንውዕላት ስራሕ ብዝርዝር ዝገልጽ ምልክታ ሓዊሱ,legal
625,Notice to Employee of Employment Terms,,legal
626,,ምልክታ ንሰራሕተኛ ናይ ስራሕ ውዕላት,legal
627,"Held and signed on the ___ of __________, in the year _____",ኣብ ___ ናይ __________፣ ኣብ ዓመት _____ዝተኻየደን ዝተፈረመን,legal
628,Please complete Employer’s full name as it appears in the Certificate of Incorporation,በጃኹም ምሉእ ስም ኣስራሒ ከምቲ ኣብ ምስክር ወረቐት ምምስራት ዘሎ ምልኣዮ,legal
629,"(hereinafter ""Employer"") by authorized signatories:","(ካብዚ ንደሓር ""ኣስራሒ"") ብፍቓድ ዘለዎም ፈረምቲ፤",legal
630,1,1,legal
631,___________________________ 2.,___________________________ 2.,legal
632,____________________________,____________________________,legal
633,Of the first part,ናይ ቀዳማይ ክፋል,legal
634,And:,ከምኡ'ውን፦,legal
635,______________________,______________________,legal
636,ID  ______________________,መለለዪ መንነት ______________________,legal
637,Address ______________________________________________,ኣድራሻ ______________________________________,legal
638,Tel. ______________________,ስ.ቁ ______________________,legal
639,(hereinafter:,(ካብዚ ንደሓር፦,legal
640,Employee)          <50>Of the second part</50>,ሰራሕተኛ) ,legal
641,,,legal
642,,          <50>ናይ ካልኣይ ክፋል</50>,legal
643,WHEREAS:,ክኸውን ከሎ፦,legal
644,"Employee declares that it possesses the skill and qualifications necessary to perform the work subject of this Contract at a professional level, to a proper standard and quality; and",ሰራሕተኛ ነዚ ውዕሊ ዛዕባ ስራሕ ብደረጃ ሞያዊ፣ ብግቡእ ደረጃን ፅሬትን ንምፍፃም ዘድሊ ክእለትን ብቕዓትን ከምዘለዎ ይእውጅ፤ ከምኡውን,legal
645,WHEREAS:,ክኸውን ከሎ፦,legal
646,Employee has expressed its desire to be hired as an employee at ATMOS CLEAN and Employer is willing to employ it subject to the terms of this Special Contract.,ሰራሕተኛ ኣብ ATMOS CLEAN ከም ሰራሕተኛ ክቑጸር ድሌቱ ገሊጹ ኣሎ፤ ኣስራሒ ድማ ብመሰረት ውዕላት ናይዚ ፍሉይ ውዕል ክቖጽሮ ድልው እዩ።,legal
647,"It was therefore declared, stipulated and agreed between the parties as follows:",ስለዚ ኣብ መንጎ እቶም ወገናት ብኸምዚ ዝስዕብ ተኣዊጁ፣ ተቐሚጡን ተሰማሚዑን፦,legal
648,63 - 122 / 600,63 - 122 / 600,legal
649,1,1,legal
650,<57>Job description</57>:,<57>መግለጺ ስራሕ</57>፤,legal
651,Cleaner,መጽረዪ,legal
652,__________________________________________________________________________________,__________________________________________________________________________________,legal
653,3,3,legal
654,Position,ቦታ,legal
655,The position is by hourly payment only and its calculation based on the actual working hours of the Employee to be reported in writing by Employee and submitted to Employer at the end of each <63>month</63>.,እቲ ስራሕ ብናይ ሰዓት ክፍሊት ጥራይ ኮይኑ ስልሒቱ ድማ ኣብ ጭቡጥ ናይ ስራሕ ሰዓታት ናይቲ ሰራሕተኛ ዝተመርኮሰ ኮይኑ ብጽሑፍ ብሰራሕተኛ ክሕበርን ኣብ መወዳእታ ነፍሲ ወከፍ <63>ወርሒ</63> ናብ ኣስራሒ ክቐርብን ኣለዎ።,legal
656,A prerequisite for the veracity of the report and its approval is Employer's signature and confirmation that such report has been verified and approved.,እቲ ፀብፃብ ሓቀኛን ተቐባልን ንምዃኑ ቅድመ ኩነት ናይ ኣስራሒ ፊርማ ከምኡ'ውን እቲ ፀብፃብ ከም ዝተረጋገፀን ከም ዝተቐበለን ዘረጋግፅ እዩ።,legal
657,"For the avoidance of doubt, Employee will only receive payment for hours worked in practice in accordance with the quota approved for it under this Contract.",ጥርጣረ ንኸይህሉ ሰራሕተኛ ብመሰረት እዚ ውዕል ዝፀደቐሉ ኮታ ብተግባር ንዝሰርሖ ሰዓታት ጥራሕ እዩ ክፍሊት ዝረክብ።,legal
658,4,4,legal
659,Wages,ደሞዝ,legal
660,"4.1  The parties determine that the full and final remuneration for each hour of actual work is <69>NIS 40</69>: in words <72>forty</72> new shekels, gross, <75>provided that such does not fall below the minimum wage established by law for one hour of work</75>.",4.1 እቶም ወገናት ንነፍሲ ወከፍ ሰዓት ጭቡጥ ስራሕ ምሉእን ናይ መወዳእታን ክፍሊት <69>NIS 40</69> ምዃኑ ይውስኑ፦ ብቓላት <72>ኣርብዓ</72> ሓድሽ ሸቃል፣ ሓፈሻዊ፣ <75>ከምዚ እንተዘይኮይኑ ንሓደ ሰዓት ስራሕ</75> ብሕጊ ዝተቐመጠ ዝተሓተ ደሞዝ ንታሕቲ ይወድቁ።,legal
661,"(Insofar as Employee's wages fall short of the minimum wage, per hour of work, Employer must supplement the minimum wage established by law per working hour, which may be updated from time to time).",(ደሞዝ ሰራሕተኛ ካብቲ ዝተሓተ ደሞዝ ክሳብ ዝወድቕ፣ ኣብ ሓደ ሰዓት ስራሕ፣ ኣስራሒ ነቲ ብሕጊ ዝተቐመጠ ዝተሓተ ደሞዝ ኣብ ነፍሲ ወከፍ ሰዓት ስራሕ ክምልእ ኣለዎ፣ እዚ ድማ በብእዋኑ ክመሓየሽ ይኽእል)።,legal
662,"4.2  Employee's salary shall be determined according to the number of hours it works in practice in the month ended and which were confirmed as stated in the report it submits, multiplied by the gross hourly wage.",4.2 ደሞዝ ሰራሕተኛ ኣብቲ ዝተዛዘመ ወርሒ ብተግባር ብዝሰርሖን ኣብቲ ዘቕርቦ ፀብፃብ ከም ዝተገለፀን ብዝተረጋገፀን ብጠቕላላ ደሞዝ ሰዓት ተባዚሑ ዝውሰን እዩ።,legal
663,4.3  Employer will deduct and Employee hereby grants its consent to deduct from its salary any amount and/or tax and/or other mandatory payment deductible by law.,4.3 ኣስራሒ ይቑረጽን ሰራሕተኛ ድማ ካብዚ ብሕጊ ዝቑረጽ ዝኾነ ይኹን መጠን ገንዘብን/ወይ ግብሪን/ወይ ካልእ ግዴታዊ ክፍሊትን ካብ ደሞዙ ክቑረጽ ፍቓዱ ይህብ።,legal
664,4.4  Employee's salary shall be paid thereto on a monthly basis no later than 10 days following the end of the month for which the salary is paid.,4.4 ደሞዝ ሰራሕተኛ ደሞዝ ዝተኸፍለሉ ወርሒ ካብ ዝውዳእ ካብ 10 መዓልቲ ዘይውሕድ ወርሓዊ መሰረት ይኽፈል።,legal
665,The salary shall be paid to Employee by bank transfer.,እቲ ደሞዝ ንሰራሕተኛ ብባንኪ ዝዉዉር ይኽፈል።,legal
666,"In its signing of this Contract, Employee grants its consent to the execution of the payment in said manner.",ሰራሕተኛ ነዚ ውዕል ኣብ ዝፈረመሉ እዋን እቲ ክፍሊት በቲ ዝተባህለ ኣገባብ ንኽፍጸም ፍቓዱ ይህብ።,legal
667,5,5,legal
668,Work Schedule,መደብ ስራሕ,legal
669,5.1  Start of work:,5.1      ምጅማር ስራሕ፦,legal
670,25/12/2023,14/04/2016 ዓ/ም,legal
671,5.2  Employee shall work according to the following:,5.2       ሰራሕተኛ በዚ ዝስዕብ መሰረት ክሰርሕ ኣለዎ፦,legal
672,"5.2.1  <106>Sunday</106>, between 7:00-15:00",5.2.1      <106>ሰንበት</106>፣ ኣብ መንጎ ሰዓት 7፡00-15፡00,legal
673,"5.2.2  <109>Monday</109>, between 7:00-15:00",5.2.2      <109>ሰኑይ</109>፣ ኣብ መንጎ ሰዓት 7፡00-15፡00,legal
674,"5.2.3  <112>Tuesday</112>, between 7:00-15:00",5.2.3      <112>ሰሉስ</112>፣ ኣብ መንጎ ሰዓት 7፡00-15፡00,legal
675,"5.2.4  <115>Wednesday</115>, between 7:00-15:00",5.2.4      <115>ረቡዕ</115>፣ ኣብ መንጎ ሰዓት 7፡00-15፡00,legal
676,"5.2.5  <118>Thursday</118>, between 7:00-15:00",5.2.5      <118>ሓሙስ</118>፣ ኣብ መንጎ ሰዓት 7፡00-15፡00,legal
677,6,6,legal
678,Employee’s Statements and Undertakings,መግለጺታትን ውዕላትን ሰራሕተኛ,legal
679,"6.1  Employee undertakes to carry out all its obligations as detailed in this Contract faithfully and with dedication and to the best of its professional ability, and declares that it is in possession of the knowledge, training, experience and ability to perform them properly.",6.1 ሰራሕተኛ ኣብዚ ውዕሊ ብዝርዝር ከምዝተገለፀ ኩሉ ግዴታታቱ ብተኣማንነትን ብተወፋይነትን ብዘለዎ ሞያዊ ዓቕሙን ክፍፅም ቃል ይኣቱ፣ ብግቡእ ንምፍፃሙ ድማ ፍልጠት፣ ስልጠና፣ ተመኩሮን ዓቕምን ከምዝውንን ይእውጅ።,legal
680,6.2  Employee agrees not to commit Employer to any obligations with third parties without Employer's prior written consent.,ሰራሕተኛ፣ ኣስራሒ ኣቐዲሙ ብጽሑፍ ምስ ዘይፈቐዶ፣ ኣስራሒ ምስ ሳልሳይ ኣካል ዝኾነ ዓይነት ግዴታታት ከይፍጽም ይስማዕማዕ።,legal
681,"Furthermore, Employee acknowledges that any unapproved obligations will be personally binding on it.",ካብዚ ሓሊፉ ሰራሕተኛ ዝኾነ ዘይተፈቐደ ግዴታታት ብውልቂ ቀያዲ ከም ዝኸውን ይኣምን።,legal
682,"6.3  Employee will report to Employer at the end of each working day with regards to the duration of the operation, the number of participants therein and any irregular event that occurred throughout.",6.3 ሰራሕተኛ ኣብ መወዳእታ ነፍሲ ወከፍ ናይ ስራሕ መዓልቲ ንውሓት ግዜ ናይቲ ስርሒት፣ ብዝሒ ተሳተፍቲ ኣብኡን ኣብ ምሉእ ዘጋጠመ ዝኾነ ዘይስሩዕ ፍጻመን ብዝምልከት ንኣስራሒ ጸብጻብ ክህብ እዩ።,legal
683,6.4  Employee is required to complete report forms provided by Employer in accordance with the stipulated provisions and submit them to Employer within the specified timeframes.,6.4 ሰራሕተኛ ብመሰረት ዝተቐመጡ ድንጋገታት ብኣስራሒ ዝተዋህቡ ናይ ጸብጻብ ቅጥዕታት ክመልእን ኣብ ውሽጢ ዝተወሰነ ግዜ ናብ ኣስራሒ ከቕርብን ይግደድ።,legal
684,7,7,legal
685,Termination of Contract,ምቁራጽ ውዕል,legal
686,7.1 Employer may terminate the Contract and Employee’s employment by giving notice to Employee in writing and in advance or by immediate notice whilst paying Employee the equivalent remuneration for the notice period.,7.1 ኣስራሒ ንሰራሕተኛ ብጽሑፍን ኣቐዲሙን ወይ ብቕልጡፍ ምልክታ ብምሃብ ንሰራሕተኛ ናይቲ ናይ ምልክታ ግዜ ተመጣጣኒ ክፍሊት እናኸፈለ ነቲ ውዕልን ሰራሕተኛን ስራሕ ከቋርጾ ይኽእል።,legal
687,"7.2  Nonetheless, Employee shall be entitled to a preliminary argument, the right to a ""hearing"" and if it is decided to dismiss it – the right to receive the grounds for dismissal in writing according at its request.","7.2 ዝኾነ ኾይኑ ሰራሕተኛ መባእታዊ ክትዕ ክረክብ መሰል ኣለዎ፣ መሰል ""መስማዕ"" ከምኡ እውን ንኽስጎግ እንተተወሰነ - ብመሰረት ሕቶኡ ምኽንያት ምብራር ብፅሑፍ ናይ ምቕባል መሰል ኣለዎ።",legal
688,"Employee declares that it is aware that all the circumstances involved in the termination of its employment shall be stated in the grounds for its dismissal, without omission.",ሰራሕተኛ ኣብ ምቁራጽ ስራሑ ዝተሳተፉ ኩሎም ኩነታት ኣብ ምኽንያት ምብራር ክግለጹ ከምዘለዎም ይፈልጥ፣ ብዘይ ምግዳፍ።,legal
689,7.3  The duration of the advance notice or its redemption rate will be as stipulated by law.,7.3 ንውሓት ግዜ ናይቲ ኣቐዲሙ ዝወሃብ ምልክታ ወይ ናይ ምብጃው መጠን ብሕጊ ዝተቐመጠ ክኸውን እዩ።,legal
690,The determination of severance pay will align with the provisions outlined in the law governing Hourly Employment.,ምውሳን ክፍሊት ምፍንታት ስራሕ ምስቲ ኣብቲ ንሰዓት ስራሕ ዝምልከት ሕጊ ዝተዘርዘረ ድንጋገታት ዝሰማማዕ ክኸውን እዩ።,legal
691,8,8,legal
692,Payment for travel,ንመገሻ ዝኸውን ክፍሊት,legal
693,Employee shall be entitled to payment for travel to and from work as stipulated in the law governing Hourly Employment.,ሰራሕተኛ ካብን ናብን ስራሕ ንዝገበሮ መገሻ ከምቲ ኣብቲ ንሰዓት ስራሕ ዝምልከት ሕጊ ዝተቐመጠ ክፍሊት ክረክብ መሰል ኣለዎ።,legal
694,9,9,legal
695,Holiday Pay,ናይ በዓል ክፍሊት,legal
696,Employee shall be entitled to payment for holiday days as stipulated in the law governing Hourly Employment.,ሰራሕተኛ ንበዓል መዓልታት ክፍሊት ክረክብ መሰል ኣለዎ ከምቲ ኣብቲ ንሰዓት ስራሕ ዝምልከት ሕጊ ዝተቐመጠ።,legal
697,10,10,legal
698,Convalescence Pay,ናይ ምሕዋይ ክፍሊት,legal
699,Employee shall be entitled to convalescence pay as stipulated in the law governing Hourly Employment.,ሰራሕተኛ ኣብቲ ንሰዓት ስራሕ ዝምልከት ሕጊ ዝተቐመጠ ናይ ምሕዋይ ክፍሊት ክረክብ መሰል ኣለዎ።,legal
700,11,11,legal
701,Pension,ጡረታ,legal
702,Employee shall be entitled to payment of pension contributions as stipulated in the law governing Hourly Employment.,ሰራሕተኛ ኣብቲ ንሰዓት ስራሕ ዝምልከት ሕጊ ዝተቐመጠ ናይ ጡረታ ኣበርክቶ ክኸፍል መሰል ኣለዎ።,legal
703,16,16,legal
704,Advance Study Fund,ቅድመ መጽናዕቲ ፈንድ,legal
705,Employee shall be entitled to the payment contributions for advance study fund as stipulated in the law governing Hourly Employment as of its first day of work.,ሰራሕተኛ ካብ ቀዳመይቲ መዓልቲ ስራሕ ጀሚሩ ኣብቲ ንሰዓት ስራሕ ዝምልከት ሕጊ ዝተቐመጠ ናይ ክፍሊት ኣበርክቶታት ናይ ቅድመ መፅናዕቲ ፈንድ ክረክብ መሰል ኣለዎ።,legal
706,17,17,legal
707,Notices and Addresses,ምልክታታትን ኣድራሻታትን,legal
708,18.1  The addresses of the parties for all matters related to this Contract:,18.1 ኣድራሻታት ወገናት ንኹሎም ምስዚ ውዕል ዝተኣሳሰሩ ጉዳያት፦,legal
709,Employer:,ኣስራሒ፦,legal
710,"6 <163>Af’al St., Petah Tikva</163>","6 <163>Af’al St., Petah Tikva</163>",legal
711,Employee:,ሰራሕተኛ፦,legal
712,_____________________________________________,_____________________________________________,legal
713,18.2.,18.2.,legal
714,A notice sent by one party to the other shall be deemed as received three days following the date it is submitted for dispatch via registered mail.,ሓደ ወገን ናብቲ ካልእ ወገን ዝለኣኾ ምልክታ ብዝተመዝገበ ፖስታ ንኽለኣኽ ካብ ዝቐረበሉ ዕለት ጀሚሩ ድሕሪ ሰለስተ መዓልቲ ከምዝተቐበለ ይቑፀር።,legal
715,"IN WITNESS WHEREOF the parties have signed,",ነዚ ንምምስካር እቶም ውድባት ፈሪሞም፣,legal
716,___________________    ___________________,___________________    ___________________,legal
717,         Employer      Employee,         ኣስራሒ      ሰራሕተኛ,legal
718,<1>Candidate Name: </1>Ry Armstrong (they/them),<1>ሽም ሕጹይ፦ </1>Ry Armstrong (they/them),legal
719,<1>Campaign Name:</1> Armstrong for All,<1>ሽም ወፍሪ መረጻ፦</1> Armstrong ንዅሉ,legal
720,<1>Campaign website:</1> armstrongforall.com,<1>መርበብ ሓበሬታ ወፍሪ መረጻ፦</1> armstrongforall.com,legal
721,<1>City Position:</1> Mayor of Seattle,<1>ስልጣን ምምሕዳር ከተማ፦</1> Mayor of Seattle,legal
722,Campaign Telephone Number: <1>+1 206-657-6287</1>,ቁጽሪ ተሌፎን ወፍሪ መረጻ፦ <1>+1 206-657-6287</1>,legal
723,"In the heart of Seattle, I stand as labor organizer, following in my family’s footsteps.",ኣብ ማእኸል ከተማ Seattle፣ ኣሰር ስድራ ቤተይ ብምኽታል፣ ኣወሃሃዲ ማሕበር ሰራሕተኛታት ኰይነ የገልግል ኣለኹ።,legal
724,I never back down from a challenge.,ዝኾነ ብድሆ ካብ ምግጣም ድሕር ዘይብል ሰብ እየ።,legal
725,"I have spent years fighting for workers’ rights, affordable housing, and the arts.",ንመሰል ሰራሕተኛታት፣ ተመጣጣኒ ዋጋ ዘለዎም ኣባይትን ስነ-ጥበብን ክጣበቕ ዓመታት ኣሕሊፈ እየ።,legal
726,"As Co-Executive Director of Sustainable Seattle, I work for a cleaner, fairer city that protects the most vulnerable among us.",ኣብ ሓባራዊ ፈጻሚ ዳይረክተር Sustainable Seattle ብዘለኒ ኣስተዋጽኦ፣ ኣብ መንጎና ንዝርከቡ ኣዝዮም ተቓላዕቲ ዝከላኸል ጽሩይን ፍትሓዊትን ከተማ ንምህናጽ ኣበርቲዐ እሰርሕ።,legal
727,"For five years, I have organized with labor unions and now serve on the AFL-CIO National Council of AEA, representing 50,000 creative workers to push for fair pay, safety, and benefits.","ንኣስታት ሓሙሽተ ዓመታት ናይ ሰራሕተኛታት ማሕበር ብምውዳብ ሰሪሐ ኣለኹ፣ ኣብዚ እዋን’ዚ ድማ ኣብቲ ን50,000 ሰራሕተኛታት ስነ-ጥበብ ወኪሉ ንፍትሓዊ ደሞዝ፣ ድሕነትን ጥቕምታትን ዝጣበቕ ሃገራዊ ቤት ምኽሪ AEA AFL-CIO የገልግል ኣለኹ።",legal
728,My time on the Seattle LGBTQ Commission and years of advocacy taught me how city government works.,ኣብ Seattle LGBTQ ኮምሽን ዘሕለፍክዎ ግዜን ኣብ ተጣባቒነት ዘሕለፍክዎም ዓመታትን ናይ ከተማ ምምሕዳር ከመይ ከም ዝሰርሕ ምሂሩኒ እዩ።,legal
729,I believe public transit should offer reduced or free fares to help working families travel throughout our city and reduce emissions to help climate change.,ኣብ ህዝባዊ መጓዓዝያ ንዝሰርሑ ስድራቤታት ኣብ ከተማ ንኽንቀሳቐሱ ንምሕጋዝን ንለውጢ ጸባይ ኣየር ንምምካት ዝሕግዝ ልቀት ትኪ ንምንካይን ብቕናሽ ወይ ብነጻ ኣገልግሎት ክህብ ኣለዎ ዝብል እምነት ኣለኒ።,legal
730,"I plan to add 1,000 shelter beds in my first 100 days.",ድሕሪ ስልጣን ምሓዘይ ኣብተን ቀዳሞት 100 መዓልታት ኣብ መዕቆቢ ገዛ ዘይብሎም 1000 ዓራውቲ ክውስኽ መደብ ኣለኒ።,legal
731,Changing land use rules will help us build childcare centers and make Seattle stronger.,ምቕያር ስርዓታት ኣጠቓቕማ መሬት ማእከላት ክንክን ህጻናት ንምህናጽን ንSeattle ንምሕያልን ክሕግዘና እዩ።,legal
732,I won’t back down in 2025—our city is ready to fight for a better future.,ኣብ 2025 ዓ.ም ኢደይ ኣይህብን እየ፤ ከተማና ንዝሓሸ መፃኢ ንምቅላስ ድልውቲ እያ።,legal
733,I ask for your support.,ደገፍኩም ክትህቡኒ እጥይቐኩም።,legal
734,Let’s put people first.,ፈለማ ንህዝብና ነቐድም።,legal
735,Solidarity!,ሓድነት!,legal
736,This candidate is participating in the Democracy Voucher Program.,እዞም ሕጹይ እዚኦም ኣብ ፕሮግራም ቫውቸር ዲሞክራሲ ይሳተፉ ኣለዉ።,legal
737,Candidate Name: <1>Rory O’Sullivan</1>,ሽም ሕጹይ፦ <1>Rory O’Sullivan</1>,legal
738,<1>Campaign Name:</1> Friends of Rory O’Sullivan,<1>ሽም ወፍሪ መረጻ፦</1> ናይ Rory O’Sullivan ኣዕርኽቲ,legal
739,Campaign Website: <1>www.electrory.com</1>,መርበብ ሓበሬታ መረጻ፦ <1>www.electrory.com</1>,legal
740,City Position: <1>City Attorney</1>,ብዓል ስልጣን ምምሕዳር ከተማ፦ <1>City Attorney</1>,legal
741,Campaign Telephone Number: <1>206-356-9852</1>,ቁጽሪ ተሌፎን ወፍሪ መረጻ፦ <1>206-356-9852</1>,legal
742,Seattle deserves a City Attorney who prioritizes making our city safer.,Seattle ድሕንነት ከተማና ዘመሓይሽ City Attorney ክትረኽቦ ዝግባእ እዩ።,legal
743,"We’re all anti-crime, but being anti-crime isn’t enough.",ኩላትና ፀረ ገበን ኢና፤ ጸረ ገበን ምዃን ጥራይ ግን እኹል ኣይኮነን።,legal
744,We’re still waiting for solutions.,ክሳብ ሕጂ መፍትሒ ክንረክብ ኢና ንጽበ ዘለና።,legal
745,"The City Attorney’s office shut down community court, picked fights with elected judges, allowed prosecution times for drunk driving to balloon to 85 days, did nothing in the face of unconstitutional executive orders, and failed to create the safer and more compassionate city they promised to create.",ናይ City Attorney እቲ ቤት ጽሕፈት ቤት ፍርዲ ማሕበረሰብ ዓጽዩ፣ ምስ ዝተመርጹ ዳያኑ ተቓሊሱ፣ እቲ ሰኺርካ ምዝዋር መኪና ክሳብ 85 መዓልታት ክናዋሕ ፈቒዱ፣ ዘይሕገ መንግስታዊ ትእዛዝ ኣኽበርቲ ሕጊ ንምክልኻል ዝገብሮ ነገር የለን፣ ነቲ ክገብሮ ቃል ዝኣተወላ ዝያዳ ውሑስን ርህሩህን ከተማ ንምፍጣር ድማ ኣይከኣለን።,legal
746,"I’ve spent my career fighting for workers, ensuring fair access to our legal system, and being a proactive collaborator.",ኣብ ሞያ ህይወተይ ንሰራሕተኛታት ክጣበቕን ፍትሓዊ ተበጻሕነት ንፍትሓዊ ስርዓትና ክረጋገጽን ንጡፍ ተሓባባሪ ክኸውንን ክኢለ እየ።,legal
747,I’m prepared to lead a City Attorney’s office that pushes for solutions to the problems facing Seattle.,Seattle ንዜጋጥመና ጸገማት ዝኸውን መፍትሒ ናይ City Attorney ቤት ጽሕፈት ንምምራሕ ድሉው እየ።,legal
748,"I will bring back community court with improved tracking to offer a chance to escape the cycle of crime, speed up prosecution of domestic violence and drunk driving so we stop waiting for re-offenses to occur, enforce strong labor standards to protect workers from bad treatment at work, and create a competent city attorney’s office - focused on governing well.",ካብ ገበን ንምውፃእ ዕድል ንምፍጣር ናይ ማሕበረሰብ ቤት ፍርዲ ዳግም ክምስርት እየ፣ ኣብ ልዕሊ ዘቤታዊ ዓመፅን ሰኽርካ ምዝዋር መኪናን ዝፍፀም ገበን ንምቅላል ኣብ ቤት ፍርዲ መስርሕ ክተኣታትው እየ፣ ዳግማይ ገበን ንምፍፃም ዘኽእል ኩነታት ክፈጥር እየ፣ ንሰራሕተኛታት ካብ ናይ ስራሕ ቦታ ግህሰት ንምክልኻል ድልዱል ደረጃታት ዕዮ ከተግብር፣ ኣብ ሰናይ ምምሕዳር ዘተኮረ ብቑዕ ናይ city attorney ቤት ፅሕፈት ክሃንፅ እየ።,legal
749,"Endorsements: Insurance Commissioner Patty Kuderer, State Senator Rebecca Saldaña, State Representatives Chipalo Street and Sharon Tomiko Santos, Former City Councilmembers Tammy Morales and Mike O’Brien, Seattle Dispatchers’ Guild, and more.","ደገፍቲ፦ ኮሚሽነር መድሕን Patty Kuderer፣ ኣባል ባይቶ Rebecca Saldaña፣ ወኪላት መንግስቲ Chipalo Street እና Sharon Tomiko Santos፣ ኣባላት ቤት ምኽሪ ከተማ ነበር Tammy Morales እና Mike O’Brien, Seattle Dispatchers’ Guild ካልኦት እውን።",legal
750,This candidate is participating in the Democracy Voucher Program.,እዚ ሕጹይ ኣብ ፕሮግራም ዲሞክራሲ ቫውቸር ይሳተፍ ኣሎ።,legal
